id	artist	album	song	format_song
c82bf53d6d9443718440597a6957bc17	Alabama Shakes	Sound & Color	-01 Sound & Color	Sound_&_Color
71b41275bff845668d3d05f4e9123ca0	Alabama Shakes	Sound & Color	-02 Don't Wanna Fight	Don't_Wanna_Fight
9e84e38f4bb544f2851175f3c64c9a62	Alabama Shakes	Sound & Color	-03 Dunes	Dunes
d5ebc9ca2db84eb18906ae97722d4da6	Alabama Shakes	Sound & Color	-04 Future People	Future_People
3c000dc865e947d1879a4b6e7853f0bb	Alabama Shakes	Sound & Color	-05 Gimme All Your Love	Gimme_All_Your_Love
aafd5a6093a84d8eaea2455e4ccf7268	Alabama Shakes	Sound & Color	-06 This Feeling	This_Feeling
dfd0d30de8ac4910b63f51ce105db24a	Alabama Shakes	Sound & Color	-07 Guess Who	Guess_Who
6e91f30a0a884b6880f8bac6a924d04b	Alabama Shakes	Sound & Color	-08 The Greatest	The_Greatest
fa47df8483794b3aa0c50aac01ecfd11	Alabama Shakes	Sound & Color	-09 Shoegaze	Shoegaze
3f1d91a407724a8dbda076e33f707bbe	Alabama Shakes	Sound & Color	-10 Miss You	Miss_You
06f5740b0d31457184a8db928158ea60	Alabama Shakes	Sound & Color	-11 Gemini	Gemini
7b8bad9077234d6facc51dabc8e6036c	Alabama Shakes	Sound & Color	-12 Over My Head	Over_My_Head
b1b4dd04e44a43c39eaa81a1ee773dba	Alabama Shakes	Sound & Color	-01 Gimme All Your Love (Live From The Artists Den)	Gimme_All_Your_Love_Live_From_The_Artists_Den
f6afb9afaa214968be9fb6c6a44b93ee	Alabama Shakes	Sound & Color	-02 The Greatest (Live From The Artists Den)	The_Greatest_Live_From_The_Artists_Den
a2ebca203f6644b4b9d9d1ba787ba9ad	Alabama Shakes	Sound & Color	-03 Joe (Live From The Artists Den)	Joe_Live_From_The_Artists_Den
4c34ff1b7fab4d6782a7b9c4477639e1	Assemble Head In Sunburst Sound	When Sweet Sleep Returned	The Slumbering Ones	The_Slumbering_Ones
7432393a014b4990b9acab750b1d535b	Assemble Head In Sunburst Sound	When Sweet Sleep Returned	Two Birds	Two_Birds
0059913d811548cb8e100d72142728de	Atmosphere	To All My Friends, Blood Makes the Blade Holy_ The Atmosphere EP's	The Major Leagues	The_Major_Leagues
594db8223c7a4a92902d61075df04c19	B.o.B	Unknown Album	Ghost in the Machine	Ghost_in_the_Machine
6c2935c4685a4a5c8e90dd13b9288335	Band of horses	Cease to begin	 Detlef Schrempf	Detlef_Schrempf
7219cdcf998f4d3caf10bb6092b7f46f	Band of horses	Cease to begin	 island on the coast	island_on_the_coast
82c3c504cdd3403abd7c698a75003fad	Band of horses	Cease to begin	 cigarettes wedding bands	cigarettes_wedding_bands
9bde99d9a2a94a9185dee9450ae36141	Band of horses	Everything All the Time	 Part One	Part_One
48cbb63d8dfb47bfb9b8d921fdaea502	Band of horses	Infinite Arms	 Factory	Factory
3f4f8ea0acf84748bada8f12cab7ec62	Band of horses	Infinite Arms	-02 Compliments	Compliments
417fabb71b5b4f189dc9c5cb58bcaf2d	Band of horses	Infinite Arms	-03 Laredo	Laredo
a73d932ee2d24f82ae3a8be2b19f4d99	Band of horses	Infinite Arms	-04 Blue Beard	Blue_Beard
bafeb6e94e3b4823aa0d03aabb199e99	Band of horses	Infinite Arms	-05 Way Back Home	Way_Back_Home
ec15b4702db0429e8ad04a4e8078edf7	Band of horses	Infinite Arms	-07 Dilly	Dilly
0ee32259f591441593818a4b3fae9cb8	Band of horses	Infinite Arms	-10 Trudy	Trudy
1aa6b8fbff2a4e12a6e48f6cb0a7f206	Band of horses	Infinite Arms	 Bartles + James	Bartles_+_James
24fa3794487b4b159e65db0697d26b56	Beach House	Devotion	 Wedding Bell	Wedding_Bell
4396c84cdf4b4892851b04dcd22a2325	Beach House	Devotion	 You Came to Me	You_Came_to_Me
48c720d8cf4643129fccdd052fd0f5c2	Beach House	Devotion	 Gila	Gila
3ca801c1942a4f3394594b9901d2dd04	Beach House	Devotion	 Turtle Island	Turtle_Island
bc6932084a254b6aaa479004203b672f	Beach House	Devotion	 Holy Dances	Holy_Dances
8d490cdfb72344b9ad629ee92c9416ca	Beach House	Devotion	 All the Years	All_the_Years
3e56ed6ef98747e1b978503fa505ffde	Beach House	Devotion	 Heart of Chambers	Heart_of_Chambers
893fc64e7f804e3fb4b06fba8acbf1d4	Beach House	Devotion	 Some Things Last a Long Time	Some_Things_Last_a_Long_Time
79b05245cea245a5af29fc7cffafdf89	Beach House	Devotion	 Astronaut	Astronaut
8a4459cbfebb4a03a58f3feb4cd1f603	Beach House	Devotion	 D.A.R.L.I.N.G	DARLING
954537214a0e4a52ba8548a7ee049853	Beach House	Devotion	 Home Again	Home_Again
647a47337709410d8305ee9288fcd61b	Beach House	Teen Dream	 Silver Soul	Silver_Soul
f997890fd4ab4794a76618dc9a071adb	Beach House	Teen Dream	 Norway	Norway
12f1d9de846c48ed8fa239ad34e2cf95	Beach House	Teen Dream	 Walk In The Park	Walk_In_The_Park
57e134050bc84263a4ead1efcdfe1404	Beach House	Teen Dream	 Used To Be	Used_To_Be
5d07ae5aad944e7f82f02b0343c20354	Beach House	Teen Dream	 Lover Of Mine	Lover_Of_Mine
1bb4512f1f0c4770bddbf9fd7e3fd4e8	Beach House	Teen Dream	 Better Times	Better_Times
2ff10f52d5cf4108909e2dd7b0f2c936	Beach House	Teen Dream	 10 Mile Stereo	10_Mile_Stereo
f0f24d85bac64e59b7286e6f93d77619	Beach House	Teen Dream	 Real Love	Real_Love
bc39254cbb9048459582c825a0740110	Beach House	Teen Dream	 Take Care	Take_Care
989f66bd7cec4b8fa53d94be5525cef0	Beach House	Teen Dream	Zebra	Zebra
b924ff38a62846069a2d8684c37b03f8	Big Star	No1 Record - Radio City	 Feel	Feel
cb80fd800ced401ab622cf8c55d1c9b1	Big Star	No1 Record - Radio City	 The Ballad Of El Goodo	The_Ballad_Of_El_Goodo
615bb2299eb3433bab2b35b74511cf39	Big Star	No1 Record - Radio City	 In The Street	In_The_Street
9bbbe9f587a5448e999b5d379e8e1546	Big Star	No1 Record - Radio City	 Thirteen	Thirteen
5f3178e2251e417e861bc80bef3013ae	Big Star	No1 Record - Radio City	 Don't Lie To Me	Don't_Lie_To_Me
905aff0be62b4470b14b786553cf6a34	Big Star	No1 Record - Radio City	 The India Song	The_India_Song
226af2fe03d64a3c85ab05f3e3316fa6	Big Star	No1 Record - Radio City	 When My Baby's Beside Me	When_My_Baby's_Beside_Me
dbae4fb683d949cd9242db2b323a8e54	Big Star	No1 Record - Radio City	 My Life Is Right	My_Life_Is_Right
8a4e19c8f1ce47cb81379dcfca646bcd	Big Star	No1 Record - Radio City	 Give Me Another Chance	Give_Me_Another_Chance
d2386843533a421896e8312c2ae2273f	Big Star	No1 Record - Radio City	 Try Again	Try_Again
287a0ab72ad945ef9d15eccd2d32e160	Big Star	No1 Record - Radio City	 Watch The Sunrise	Watch_The_Sunrise
8c9d5f2d36c34b10bd2b607c7cef1fdf	Big Star	No1 Record - Radio City	 St 100 6	St_100_6
fbb117947c464f7ea40b1a22d0b95ff7	Big Star	No1 Record - Radio City	 O My Soul	O_My_Soul
c2a38eb62281410a98460238836bca53	Big Star	No1 Record - Radio City	 Life Is White	Life_Is_White
b46eff18185149da82a683086f149e78	Big Star	No1 Record - Radio City	 Way Out West	Way_Out_West
94a5e650a058440180f4b3fc3ef843c2	Big Star	No1 Record - Radio City	 What's Going Ahn	What's_Going_Ahn
46132b6de24e480f815fe9b974d44b69	Big Star	No1 Record - Radio City	 You Get What You Deserve	You_Get_What_You_Deserve
7d91063b1df8404e8645a9034550664a	Big Star	No1 Record - Radio City	 Mod Lang	Mod_Lang
d4c86966e1e748ecba28f537d932ed3b	Big Star	No1 Record - Radio City	 Back Of A Car	Back_Of_A_Car
37dca07ce8d34830b3d40f88ac069551	Big Star	No1 Record - Radio City	 Daisy Glaze	Daisy_Glaze
f39d928263da4c1b9c2b51f9890eefce	Big Star	No1 Record - Radio City	 She's A Mover	She's_A_Mover
b440826c895d4be29a4ccf3d264a535c	Big Star	No1 Record - Radio City	 September Gurls	September_Gurls
c3304b564e364afa892ae9f785c62bd7	Big Star	No1 Record - Radio City	 Morpha Too	Morpha_Too
cf61450ebb80407e85a93d5a568a3b2b	Big Star	No1 Record - Radio City	 I'm In Love With A Girl	I'm_In_Love_With_A_Girl
ac424a584e814e60ab4e5f5f2e8a0f46	bitcrush	One Five Zero	-03 what would hope be without disappointment	what_would_hope_be_without_disappointment
799b87235453461aa5ae8b53928efc61	bitcrush	One Five Zero	-10 in distance (keef baker remix)	in_distance_keef_baker_remix
56e2774d72364c74af5e6fa0eb7f6b2f	Blind Pilot	3 Rounds and a Sound	 Oviedo	Oviedo
c65daea2f48b4e618a8e5aa3b306fd7a	Blind Pilot	3 Rounds and a Sound	 Paint or Pollen	Paint_or_Pollen
22d0ae0ea73e430288735c79eec4360c	Blind Pilot	3 Rounds and a Sound	 Poor Boy	Poor_Boy
8e1c31783fe74a03abe294006b721616	Blind Pilot	3 Rounds and a Sound	 One Red Thread	One_Red_Thread
4172e12e4d71409ea4b500e306726871	Blind Pilot	3 Rounds and a Sound	 Go On, Say It	Go_On_Say_It
57f2c9abf1894544a2c940e86e941a85	Blind Pilot	3 Rounds and a Sound	 I Buried a Bone	I_Buried_a_Bone
9895abe163824e4a8e2a91b9dea6b791	Blind Pilot	3 Rounds and a Sound	-09 Things I Cannot Recall	Things_I_Cannot_Recall
440cc79a4bd54c04bde1cd311f80f352	Blind Pilot	3 Rounds and a Sound	 The Bitter End	The_Bitter_End
74a7ae5478e340f59d783e9af614d067	Blind Pilot	3 Rounds and a Sound	 3 Rounds and a Sound	_Rounds_and_a_Sound
879c0a66d81749088c47c6faed8fe0fc	Blockhead	PLM 2010 Fall Tour Opening Act Compilation	 Farewell Spaceman	Farewell_Spaceman
de8197306f784a10ae93d97ac9c5fc5d	Blue Scholars	Unknown Album	Ordinary Guys	Ordinary_Guys
bf2216f50a2c43ce9a5150e5336d7be1	Boston	Boston_ Greatest Hits	Rock & Roll Band	Rock_&_Roll_Band
7baf0fe87881482c8656f589e9cc335a	Boston	Don't Look Back	Don't Look Back	Don't_Look_Back
99b52792a1b344a8ad6682e9a4630458	Bright Eyes	I'm Wide Awake It's Morning	At the Bottom of Everything	At_the_Bottom_of_Everything
a9824affaf7d42948736c44701be3536	Bright Eyes	The People's Key	 Firewall	Firewall
6d73fd2e91cf4af39429b2376bd21421	Bright Eyes	The People's Key	 Jejune Stars	Jejune_Stars
9364ac65afe048b69e631e8d118cd892	Bright Eyes	The People's Key	 Approximate Sunlight	Approximate_Sunlight
1481c9522b054dd599bc7382268c27fe	Bright Eyes	The People's Key	 Haile Selassie	Haile_Selassie
2cb161507c9a49bea8de3c14e8788791	Bright Eyes	The People's Key	 A Machine Spiritual (In the People's Key)	A_Machine_Spiritual_In_the_People's_Key
725de44ec0be4f6eb6d12258f538d50f	Bright Eyes	The People's Key	 Triple Spiral	Triple_Spiral
cc4e65cc41474d4495509e3ab8132e00	Bright Eyes	The People's Key	 Beginner's Mind	Beginner's_Mind
8d153fbd06154cd0b9918ac04a2f7581	Bright Eyes	The People's Key	 Ladder Song	Ladder_Song
8fca2d1e022048e4a564c837d6ee2b22	Bright Eyes	The People's Key	 One for You, One for Me	One_for_You_One_for_Me
04c942ad9827493c8254c1f776804e28	Cage The Elephant	Cage The Elephant	 James Brown	James_Brown
821e8da1eeee42fc80ad72101cab1738	Cage The Elephant	Cage The Elephant	 Aint No Rest For The Wicked	Aint_No_Rest_For_The_Wicked
5bf82296da82446da95ce9bd47d83a0e	Cage The Elephant	Cage The Elephant	 Tiny Little Robots	Tiny_Little_Robots
9c401478f4854a2f8d5f34d2e5f11d0a	Cage The Elephant	Cage The Elephant	 Lotus	Lotus
c34da262f76b471d845b4686c3b9f1c5	Cage The Elephant	Cage The Elephant	 Back Against The Wall	Back_Against_The_Wall
c809939b5f2842f2bb0fa5c21e43ba2c	Cage The Elephant	Cage The Elephant	 Judas	Judas
a6ea8e16d2e24f05872ec9614863f503	Cage The Elephant	Cage The Elephant	 Soil To The Sun	Soil_To_The_Sun
696f27269b6d480d99c1b30f5252b263	Cage The Elephant	Cage The Elephant	 Free Love	Free_Love
6621d8baefc3450082445df571d653f6	Clive Tanaka y su Orquesta	Unknown Album	Neu Chicago	Neu_Chicago
2e29a5d72b99461f83e279e73165f0ca	Coconut Records	Nighttiming	Easy Girl	Easy_Girl
b2c7af522a0e47c1942af431eb306155	Coconut Records	Nighttiming	Mama	Mama
c2c702c6f3c6436f814d6e029f06a2d7	Coconut Records	Nighttiming	Minding My Own Business	Minding_My_Own_Business
bd9b87155b7b4fe3a2988d11b375c069	Cold War Kids	Robbers & Cowards	 We Used To Vacation	We_Used_To_Vacation
67a3481c37af438e854ad617c950b8a2	Cold War Kids	Robbers & Cowards	 Hang Me Up To Dry	Hang_Me_Up_To_Dry
1ab9e426f4964ef3a3278e79e5cc971f	Cold War Kids	Robbers & Cowards	 Tell Me In The Morning	Tell_Me_In_The_Morning
08bd708d5b614271940aef185c784c03	Cold War Kids	Robbers & Cowards	 Hair Down	Hair_Down
6a3e5d9e686249efb3c586e858b61ea8	Cold War Kids	Robbers & Cowards	 Passing The Hat	Passing_The_Hat
08b854e6742842e0a3e2e23894fa4756	Cold War Kids	Robbers & Cowards	 Saint John	Saint_John
c1a6ffe526cf48b4b268444a4c879a50	Cold War Kids	Robbers & Cowards	 Robbers	Robbers
8f66ab27da964b878e5feaec4041d848	Cold War Kids	Robbers & Cowards	 Hospital Beds	Hospital_Beds
e1d21177aef04ccf9d111dd10b31954b	Cold War Kids	Robbers & Cowards	 Pregnant	Pregnant
204f283648174f7e8fdd025cfc62b489	Cold War Kids	Robbers & Cowards	 Red Wine, Success!	Red_Wine_Success!
abfd447cc4a144b0948ceecc62fdc2ba	Cold War Kids	Robbers & Cowards	 God, Make Up Your Mind	God_Make_Up_Your_Mind
6d8eb61dc99947729223c7dcce16419f	Cold War Kids	Robbers & Cowards	 Rubidoux	Rubidoux
efefa40886f143b591cadd0283a821ed	Compilations	Man On The Moon II_ The Legend Of Mr. Rager	 Scott Mescudi Vs. The World	Scott_Mescudi_Vs_The_World
604bb2dfa90e46d9bd634078067cf0d3	Compilations	Man On The Moon II_ The Legend Of Mr. Rager	 REVOFEV	REVOFEV
b37e452a64ad4df4be9c8788c5825a02	Compilations	Man On The Moon II_ The Legend Of Mr. Rager	 Don't Play This Song	Don't_Play_This_Song
3d293ea51ea146aeb800e0387dc24e7c	Compilations	Man On The Moon II_ The Legend Of Mr. Rager	 We Aite (Wake Your Mind Up)	We_Aite_Wake_Your_Mind_U
8d7f63dbd04d493aaff2a5add0f0eb4d	Compilations	Man On The Moon II_ The Legend Of Mr. Rager	 Marijuana	Marijuana
6f0dba3e59674401a101728fca4af4d2	Compilations	Man On The Moon II_ The Legend Of Mr. Rager	 Mojo So Dope	Mojo_So_Dope
ab4a6127d43e4b8296af06db051f9dc8	Compilations	Man On The Moon II_ The Legend Of Mr. Rager	 Erase Me	Erase_Me
61b76f0ed050403e90f85cfcc0352b78	Compilations	Man On The Moon II_ The Legend Of Mr. Rager	 Wild'n Cuz I'm Young	Wild'n_Cuz_I'm_Young
097a7ab57dc34e5bb78c1a1d622429b2	Compilations	Man On The Moon II_ The Legend Of Mr. Rager	 The Mood	The_Mood
5ea8564d053544a69ad15d37cd6bf221	Compilations	Man On The Moon II_ The Legend Of Mr. Rager	 MANIAC	MANIAC
8e202532e2484c2c81570b623e315a3e	Compilations	Man On The Moon II_ The Legend Of Mr. Rager	 Mr. Rager	Mr_Rager
15b2c2075a644868a065b5d81dbbfec1	Compilations	Man On The Moon II_ The Legend Of Mr. Rager	 These Worries	These_Worries
c7baed781bc247de936e06709a04e09c	Compilations	Man On The Moon II_ The Legend Of Mr. Rager	 The End	The_End
7ad5136716f14a0694018924e1f834b3	Compilations	Man On The Moon II_ The Legend Of Mr. Rager	 All Along	All_Along
97277d2570fd4cb8a10e653c8cc88b45	Compilations	Man On The Moon II_ The Legend Of Mr. Rager	 GHOST!	GHOST!
4bbf0949ca2a4d36ac421c3dc9b66e7e	Compilations	Man On The Moon II_ The Legend Of Mr. Rager	 Trapped In My Mind	Trapped_In_My_Mind
37b569bcf62140baa35fb2c36d2563c1	Compilations	Quiet is the New Loud	Winning A Battle, Losing A War	Winning_A_Battle_Losing_A_War
f34716afd4034be49e57fe77e3bce3d4	Compilations	Ratatat Remixes Mixtape Volume 2	 Sto	Sto
45c97dbab4184b2b9ffe4db97f2abbb4	Compilations	Scharfy's Indie Mixtape May 2009	 Pulling on a Line	Pulling_on_a_Line
a854ea87616346f78bd370ba24077904	Compilations	Scharfy's Indie Mixtape May 2009	-21 Kiss me Again	Kiss_me_Again
40eb5fe0fda94648b60332fa1181e912	Compilations	Scharfy's Indie Mixtape May 2009	-48 Last Time Around	Last_Time_Around
0a8ce32fcc7744ffb61bb3a48a723266	Compilations	Scharfy's Indie Mixtape May 2009	-59 Well, Whatever	Well_Whatever
a6748585032945e1beeb5fe35ba4d72d	Compilations	Scharfy's Indie Mixtape May 2009	-69 Charlie Darwin	Charlie_Darwin
15fcd6bae85940cb960941f393ffbdaa	Compilations	Scharfy's Indie Mixtape May 2009	-71 Lalita	Lalita
6e526f106eb443ce9d3816052fe719c8	Compilations	Scharfy's Indie Mixtape May 2009	-80 Osaka Loop Line	Osaka_Loop_Line
942fd6b6bb2749519f2995f9cafd0814	Compilations	Scharfy's Indie Mixtape May 2009	-88 gotta cheer u	gotta_cheer_u
b3eac1d2fed24fac8a151eaba980480e	Compilations	Scharfy's Indie Mixtape May 2009	-89 I Want You To Know	I_Want_You_To_Know
eb3a83867b2b442eb35b1000dc0add36	Compilations	Scharfy's Indie Mixtape May 2009	 Spritle	Spritle
9bf0650130904cc7835f4c93838ce255	Compilations	The Shepherd's Dog	Flightless Bird, American Mouth	Flightless_Bird_American_Mouth
c223faae07df475fb310b1d5e44c36b8	CunningLynguists	Unknown Album	Dance For Me	Dance_For_Me
bccd0fc907f04fb7b26cccdf9557dbc6	Cyne	Evolution Fight	-02 SoapBox	SoapBox
74c4723ae5d9437cb1c3444fa6a9116a	damiak	One Five Zero	-05 field lights	field_lights
264fdb4ef26e4831a87af5b50a7c540c	David Guetta Feat. Kid Cudi	Unknown Album	Memories	Memories
c76bb951ff774f9dbe7334e8b6ad1c16	Deerhunter	Halcyon Digest	-01 Earthquake	Earthquake
da92585085d545eb94e5663d9d6de4c4	Deerhunter	Halcyon Digest	-02 Don't Cry	Don't_Cry
09986e90ee5d4ab7846e5ce1f8f25d1b	Deerhunter	Halcyon Digest	-04 Sailing	Sailing
b33a28361b484e9ea117b626e5b40e93	Deerhunter	Halcyon Digest	-05 Memory Boy	Memory_Boy
226f241fc567421dae3ac2336846f3fb	Deerhunter	Halcyon Digest	-06 Desire Lines	Desire_Lines
9992b7752d2048aebfc675d15b091cb0	Deerhunter	Halcyon Digest	-11 He Would Have Laughed	He_Would_Have_Laughed
e9d853a0f50244b19fd3dcd3aa958412	Dire Straits	Private Investigations_ The Best of Dire Straits & Mark Knopfler	Sultans Of Swing	Sultans_Of_Swing
11edda1923754bd58b55763422c6f602	Dub Pistols	Unknown Album	speed of light	speed_of_light
428a263999c04651a2dcf4d20f414978	El Ten Eleven	Every Direction Is North	-04 Estrella	Estrella
7d366e20e8534421a755ec8807433ddc	El Ten Eleven	Every Direction Is North	-05 Music for Staring At Ceilings	Music_for_Staring_At_Ceilings
71e659403b6548fc93cc7bc14bc483fc	El Ten Eleven	Every Direction Is North	-06 Kee	Kee
1631e114167a41dfab08f3007fd317b3	El Ten Eleven	Every Direction Is North	-07 Dax Pierson	Dax_Pierson
73fb370210c14b9fb6208f0f73f9cb49	El Ten Eleven	Every Direction Is North	-08 Living On Credit Blues	Living_On_Credit_Blues
e0bb02eec04b4d59991857261d4d1f83	El Ten Eleven	Every Direction Is North	-10 Bye Annie, Bye Joe, Bye Michael, Bye Jake	Bye_Annie_Bye_Joe_Bye_Michael_Bye_Jake
7054e94cab7041cc925b64c8219f1816	Eliot Lipp	PLM 2010 Fall Tour Opening Act Compilation	-07 Sand Castle	Sand_Castle
58b9dc2ddf8649358fd34416740b4a31	Elliott Smith	Either_Or	 Speed Trials	Speed_Trials
e9c9ace955de4b59964b56c1e5b6af55	Elliott Smith	Either_Or	 Alameda	Alameda
4441c27504fd4910b4703697b95350aa	Elliott Smith	Either_Or	 Ballad Of Big Nothing	Ballad_Of_Big_Nothing
aa5dbb9183444c0eadb4ad00f7e1561f	Elliott Smith	Either_Or	 Between The Bars	Between_The_Bars
96ce520d4a3943ee9958afa5f5da0015	Elliott Smith	Either_Or	 Pictures Of Me	Pictures_Of_Me
5d805483fe274ff982faf27bbfefd661	Elliott Smith	Either_Or	 No Name No. 5	No_Name_No_5
914d2084bcd74040a8ba8777ca6ae7e7	Elliott Smith	Either_Or	 Rose Parade	Rose_Parade
45888a8c58f340e686415e6ca1f31ae6	Elliott Smith	Either_Or	 Punch And Judy	Punch_And_Judy
8f6611b238fd4806af5bbf1c80bedf2f	Elliott Smith	Either_Or	 Cupid's Trick	Cupid's_Trick
68b2169573af4a1fa4a671a3bce48059	Elliott Smith	Either_Or	 2_45 a	2_45_a
8e727911f6ff43f1bb24ce8be4566c6c	Elliott Smith	Either_Or	 Say Yes	Say_Yes
06317fb248bb4503ba318f33dc8e0cdd	Elliott Smith	Elliott Smith	-01 Needle In The Hay	Needle_In_The_Hay
fe47e2f0a8c540ee813ac8e72467e20a	Elliott Smith	Elliott Smith	-02 Christian Brothers	Christian_Brothers
2e88629ab14e43999fb16339ef8c49fa	Elliott Smith	Roman Candle	 Roman Candle	Roman_Candle
1481d28a15ac4b2aa07149bd2304dc2f	Elliott Smith	Roman Candle	 Condor Ave	Condor_Ave
4ad1a48ca89949e99222b5a44cb4a548	Elliott Smith	Roman Candle	 No Name #1	No_Name_#1
1ab91a124d06487cb8ebae81fa62e20f	Elliott Smith	Roman Candle	 No Name #2	No_Name_#2
ddbcae605f6c4fbe845337c8a420be6d	Elliott Smith	Roman Candle	 No Name #	No_Name_#
1b5b09f1b6ba45d6af2af2ce3fed9d2f	Elliott Smith	Roman Candle	 Drive All over Town	Drive_All_over_Town
ca64ce7176b5415b9441923a4b4620e0	Elliott Smith	Roman Candle	 No Name #4	No_Name_#4
04cf27a6bb0d4298b1b814d9b5fbeea4	Elliott Smith	Roman Candle	 Last Call	Last_Call
3c62489eeefc469c9809318a8a87e00c	Elliott Smith	Roman Candle	 Kiwi Maddog 20-20	Kiwi_Maddog_2020
1ed38df451144714b6091ea7556cd947	Elliott Smith	XO	 Sweet Adeline	Sweet_Adeline
a1707207924942d28568b6e86adb834a	Embryon	Unknown Album	Fallout	Fallout
78f74bb29db146c3900e9d2f7f269120	Eric Prydz	Call On Me - EP	Call On Me	Call_On_Me
89994a0f4c4b4462bd8efad965c7122f	Evenings	Unknown Album	Goodbye Forever	Goodbye_Forever
ea1a43cc8d2f46e6ad3f7499e5978744	Fleet Foxes	Fleet Foxes	 Sun It Rises	Sun_It_Rises
f9b786885e3a4e53b53dc9c3fc5179e5	Fleet Foxes	Fleet Foxes	 White Winter Hymnal	White_Winter_Hymnal
e69587190e1e4b128366d6fd13e86648	Fleet Foxes	Fleet Foxes	 Ragged Wood	Ragged_Wood
c5d9dbd96f5a432da7470c443d36e355	Fleet Foxes	Fleet Foxes	 Quiet Houses	Quiet_Houses
97e5fca674064fa4b1085f1754515f7a	Fleet Foxes	Fleet Foxes	 Heard Them Stirring	Heard_Them_Stirring
5206bc07975a4771937d2a36616371f4	Fleet Foxes	Fleet Foxes	 Your Protector	Your_Protector
2a88a204d61749d9b9730017139d823f	Fleet Foxes	Fleet Foxes	 Meadowlarks	Meadowlarks
be017812495c41dc80ce7d7d1542c327	Fleet Foxes	Fleet Foxes	-06 He Doesn't Know Why	He_Doesn't_Know_Why
7c0f2267fbb04c77837d2ba2a42b6aa7	Fleet Foxes	Fleet Foxes	 Blue Ridge Mountains	Blue_Ridge_Mountains
7bd47ce423a348a68c2faa7b9186106d	Fleet Foxes	Fleet Foxes	 Oliver James	Oliver_James
78dff15973404586a531190ec5bd4da6	Fleet Foxes	Helplessness Blues	-01 Montezuma	Montezuma
1291710b94aa47e7810354d2a621cc4c	Fleet Foxes	Helplessness Blues	-04 Battery Kinzie	Battery_Kinzie
f991df051f294a79a7a182bb4ff5610d	Fleet Foxes	Helplessness Blues	-07 The Cascades	The_Cascades
be845917f9cc46618178c9ebd123cc1f	Fleet Foxes	Helplessness Blues	-08 Lorelai	Lorelai
847a963cc5d84a0f9b20cf793fa8c554	Fleet Foxes	Helplessness Blues	-09 Someone You'd Admire	Someone_You'd_Admire
13f61d4899354bfc891bd8ef08e8f5de	Fleet Foxes	Helplessness Blues	-12 Grown Ocean	Grown_Ocean
7d6f4ad8a33d42dfa226f372c901db49	Freelance Whales	Weathervanes	 Generator ^ First Floor	Generator_^_First_Floor
905f806538364e34b94664eaa119560c	Freelance Whales	Weathervanes	 Hannah	Hannah
29490867979c49afa1c17f0b7f8f6937	Freelance Whales	Weathervanes	 Location	Location
b01d58b9c75e4812a5433b2a2ad1a7d9	Freelance Whales	Weathervanes	 Starring	Starring
0c39321d2f4d4894a100e4604956e509	Freelance Whales	Weathervanes	 Broken Horse	Broken_Horse
5c060e1fe8994b48977907d32da099da	Freelance Whales	Weathervanes	 Ghosting	Ghosting
5f71d8a59b20400ab9c6ce13c8f84361	Freelance Whales	Weathervanes	-06 Kilojoules	Kilojoules
77fee7906dac4c16bbf3e065074bf8b3	Freelance Whales	Weathervanes	-08 Danse Flat	Danse_Flat
506fbe9e432d44dcba48d60654344a68	Freelance Whales	Weathervanes	-13 The Great Estates	The_Great_Estates
a0e5607b75a946269da7b0db14b9aff4	Freelance Whales	Weathervanes	 We Could Be Friends	We_Could_Be_Friends
062bbac7601c4964b998061091855ed9	Freelance Whales	Weathervanes	 Vessels	Vessels
5980cd675ded4d9eb202006b9bb9e162	Freelance Whales	Weathervanes	 Generator ^ Second Floor	Generator_^_Second_Floor
1812bc4260724475aa9e3efd342065bf	funckarma	One Five Zero	-04 skaind	skaind
b258908ab6cd4212bcd93959ec2107b9	Gramatick	PLM 2010 Fall Tour Opening Act Compilation	-02 Day Of The So Called Glory	Day_Of_The_So_Called_Glory
a3a4a9d0c5304923ade9518a3aedabd6	Hawthorne Heights	The Silence in Black And White	 Ohio Is For Lovers	Ohio_Is_For_Lovers
778a4ee793714e61a11dd6c79b2c1bd6	Heatmiser	Cop And Speeder	 Disappearing Ink	Disappearing_Ink
9c5b6ab513b34c66ae100acea921dcdf	Heatmiser	Cop And Speeder	 Bastard John	Bastard_John
8d7492d9fa09444dbd4b434b7eeff504	Heatmiser	Cop And Speeder	 Flame!	Flame!
bc83570884c8423492f59d2924b3a74a	Heatmiser	Cop And Speeder	 Temper	Temper
286126a7a37e4512a55fb5120ce9f311	Heatmiser	Cop And Speeder	 Why Did I Decide to Stay_	Why_Did_I_Decide_to_Stay_
9a8fc6f11ae54cfdacfc60b9cdd770c1	Heatmiser	Cop And Speeder	 Collect to NYC	Collect_to_NYC
ee8369c18dfb4029ac36f0b1354b185f	Heatmiser	Cop And Speeder	 Hitting on the Waiter	Hitting_on_the_Waiter
9470ea77b5d84e89ace7f4797ae3d6e3	Heatmiser	Cop And Speeder	 Busted Li	Busted_Li
8e75bd35393c42a8b16cbfd4cc77201d	Heatmiser	Cop And Speeder	 Antonio Carlos Jobi	Antonio_Carlos_Jobi
d939f7d96b3949d4b3bf55423b4a034d	Heatmiser	Cop And Speeder	 It's Not a Pro	It's_Not_a_Pro
8752bf4994424ac199e1e7c5ac7d6053	Heatmiser	Cop And Speeder	 Something to Lose	Something_to_Lose
8b354265cc2746f1bfd8ae03836b99b9	Heatmiser	Cop And Speeder	 Sleeping Pill	Sleeping_Pill
efae0bb2da924dfbbfc80f0de95b4f7c	Heatmiser	Cop And Speeder	 Trap Door	Trap_Door
f3b6c63d03654ebba64c158b4cb39c8b	Heatmiser	Cop And Speeder	 Nightca	Nightca
7baec4df88354580876ac4fd311cc815	Heatmiser	Dead Air	 Still	Still
25e4c32ce0d74d2782b9b03ca0c07185	Heatmiser	Dead Air	 Candyland	Candyland
ea90f85cc77040bcb3781f2d2cce4022	Heatmiser	Dead Air	 Mock-U	MockU
d42cfcbe93864866802bd8d75a3e0c74	Heatmiser	Dead Air	 Dirt	Dirt
dc51c87b5264408f836b2875eb753b4b	Heatmiser	Dead Air	 Bottle Rocket	Bottle_Rocket
de34c670c0dc4b74971ac145d368d6a3	Heatmiser	Dead Air	 Blackout	Blackout
567013b4d8ae4a8da0c45d872ec24bbf	Heatmiser	Dead Air	 Stray	Stray
3475fe90590a41debb7fc5aa7437dd07	Heatmiser	Dead Air	 Can Be Touched	Can_Be_Touched
a6cab0e2b6eb49fb8392549c2613a144	Heatmiser	Dead Air	 Cannibal	Cannibal
e29de129077941be9f56c88095467926	Heatmiser	Dead Air	 Don't Look Down	Don't_Look_Down
7f217f1b95dd4f2ca82d4ec72e4ac4cd	Heatmiser	Dead Air	 Sands Hotel	Sands_Hotel
33efd739c36d4bbea0ff14b0389715d1	Heatmiser	Dead Air	 Lowlife	Lowlife
c391fdc0ea1447beb62a3041d43e28c5	Heatmiser	Dead Air	 Buick	Buick
f6e4bae0f641455a997121b23a2d993e	Heatmiser	Dead Air	 Dead Air	Dead_Air
591cf6aa31614a0bb269d996f05eb7b6	Heatmiser	Mic City Sons	 Get Lucky	Get_Lucky
08e80763be8f42f5a88674f5fe904885	Heatmiser	Mic City Sons	 Plainclothes Man	Plainclothes_Man
cef8726239d745d08f791369e36cfdef	Heatmiser	Mic City Sons	 Low-Flying Jets	LowFlying_Jets
70c98c34c1fe45d086a338051b878104	Heatmiser	Mic City Sons	 Rest My Head Against The Wall	Rest_My_Head_Against_The_Wall
9e056a0aa37640ee8eacab15eaf8ed7f	Heatmiser	Mic City Sons	 The Fix Is In	The_Fix_Is_In
f75f94f0e4b145c98b41b4a9e6aac75f	Heatmiser	Mic City Sons	 Eagle Eye	Eagle_Eye
99c5bc1e543243d3ada2ad4dd37af8c1	Heatmiser	Mic City Sons	 Cruel Reminder	Cruel_Reminder
b3b481c5f2a34c66976203fdd7557a4c	Heatmiser	Mic City Sons	 You Gotta Move	You_Gotta_Move
07c0a20932cb40b88a779eddbe61777d	Heatmiser	Mic City Sons	 Pop In G	Pop_In_G
60d660e12c724d788c223b4093cb7def	Heatmiser	Mic City Sons	 Blue Highway	Blue_Highway
e7ae11247f784d23a1c139b8671fb428	Heatmiser	Mic City Sons	 See You Later	See_You_Later
3bebe507bc664bb0a31d5664da479c81	Heatmiser	Mic City Sons	 Half Right	Half_Right
b3e14c9dd33343fe967febbb8ade66b1	Illogic	Unknown Album	Lesson In Love	Lesson_In_Love
92e4d3d16cda4445826f9a9f6bc3caea	India Arie	Unknown Album	Strength Courage and Wisdo	Strength_Courage_and_Wisdo
f16e0fc42fe742c6a292c2cca45b6231	Iron & Wine	Around The Well	-04 Peng!	Peng!
46c7d7e3bfe04eeca899d6d100b30aee	Iron & Wine	I'm Not There (Music From The Motion Picture) [Bonus Track Version]	-09 Dark Eyes	Dark_Eyes
310e183faec44e5d907efb32e77ee38f	Iron & Wine	The Shepherd's Dog	Boy With A Coin	Boy_With_A_Coin
415c4645b2024ce8a5ba8066be7936ad	Iron & Wine	The Shepherd's Dog	Carousel	Carousel
ba8dd6fa07774ad198be75957b4c7b50	Iron & Wine	The Shepherd's Dog	House By The Sea	House_By_The_Sea
21dcd7e452c74d5686bd92b0450cbbfb	Iron & Wine	The Shepherd's Dog	Innocent Bones	Innocent_Bones
a4efc4ca7592439e8870d3808f7b4487	Iron & Wine	The Shepherd's Dog	Lovesong Of The Buzzard	Lovesong_Of_The_Buzzard
1b07e836459b4580b73ea4f2e70ec538	Iron & Wine	The Shepherd's Dog	Peace Beneath The City	Peace_Beneath_The_City
9cd4e5b077d1494d9992627a0a3f74bb	Iron & Wine	The Shepherd's Dog	Resurrection Fern	Resurrection_Fern
0533b55f6a68404096a244890b0c48ad	Iron & Wine	The Shepherd's Dog	The Devil Never Sleeps	The_Devil_Never_Sleeps
853bd236606d4f9dbc17174efe982654	Iron & Wine	The Shepherd's Dog	White Tooth Man	White_Tooth_Man
ce038c710c6e4e758e91ecc3a0021a30	Iron & Wine	The Shepherd's Dog	Wolves (Song Of The Shepherd's Dog)	Wolves_Song_Of_The_Shepherd's_Dog
0f3de4f045fc4d5bb9b7fb7367dc1750	Jack Johnson	To The Sea (Limited Edition)	 You And Your Heart	You_And_Your_Heart
ffefe2c799664aaabbb197f9fd01cf27	Jack Johnson	To The Sea (Limited Edition)	 My Little Girl	My_Little_Girl
dac88bd00726499e981440cebacbc440	Jack Johnson	To The Sea (Limited Edition)	-03 At Or With Me	At_Or_With_Me
fe2c3e0255c347ceb91926623d5fe5ef	Jack Johnson	To The Sea (Limited Edition)	-07 The Upsetter	The_Upsetter
9711cb5eace14021a872b40a8e4a0caa	Jack Johnson	To The Sea (Limited Edition)	 Red Wine, Mistakes, Mythology	Red_Wine_Mistakes_Mythology
eccd33ce94e74b07be78eb2568c7a6dd	Jack Johnson	To The Sea (Limited Edition)	 Pictures Of People Taking Pictures	Pictures_Of_People_Taking_Pictures
6cdbae60147b439aa69167f3041ff117	Jack Johnson	To The Sea (Limited Edition)	 Anything But The Truth	Anything_But_The_Truth
25081ef00ff34ea09e08fb5bd588cc41	Jack Johnson	To The Sea (Limited Edition)	 Only The Ocean	Only_The_Ocean
b7ba04767be049dcb4c1d694734a386e	Jaymay	Long Walk To Never	-02 Long Walk To Never	Long_Walk_To_Never
fa71ff276b72400e9a582f38b6448dc7	Kanye West	Unknown Album	Runaway	Runaway
cef9308f521843f2b5185c5feedb5055	keef baker	One Five Zero	-02 never	never
c984b664776846c3881793b1fb26d940	Kid Cudi	Man On the Moon - The End of Day (Expanded Version)	CuDi Zone	CuDi_Zone
879f17d7f21e4260bb6c3476e6e8e19d	Kid Cudi	Man On The Moon_ The End Of Day	Alive	Alive
b9cd892ecea34b9da210258db19f4576	Kid Cudi	Man On The Moon_ The End Of Day	In My Dreams	In_My_Dreams
ba06a8475e52484bbf9bff48a60401df	Kid Cudi	Unknown Album	Dat New _New_	Dat_New__New_
f37d951a4e1d47fa9fef4488eb87c3f0	Kid Cudi	Unknown Album	Heart Of A Lion	Heart_Of_A_Lion
55003f0fc04440aca2c3b561c21be3f3	Kings of Convenience	Quiet Is the New Loud	Failure	Failure
27431c420d2c486c91793404bb091628	Kings of Convenience	Quiet Is the New Loud	Little Kids	Little_Kids
0d5696c27a494310ba98f771a6d91783	Kings of Convenience	Quiet Is the New Loud	Parallel	Parallel
cfaeae7de6c9402fa5880f47a564b8ba	Kings of Convenience	Quiet Is the New Loud	Passenger	Passenger
1ad32ed6a19c4586902078069b4c5daf	Kings of Convenience	Quiet Is the New Loud	The Girl From Back Then	The_Girl_From_Back_Then
de3033bbb6d44609b0ee176b593214ea	Kings of Convenience	Unknown Album	Leaning	Leaning
c7cb84bda63345bbb37fdaa953383149	Kings of Convenience	Winning a Battle, Losing the War - Single	Envoy	Envoy
8daa98d6a21148bfa638e13a0046a020	Kings of Convenience	Winning a Battle, Losing the War - Single	Manhattan Skyline (Bonus)	Manhattan_Skyline_Bonus
4713a7591e8f4c7e865fcb6ac626cc27	Knaan	Troubadour	 Wavin' Flag	Wavin'_Flag
0e1422f555a445dd8965ced7e08e5efb	Kraddy Remix	PLM 2010 Fall Tour Opening Act Compilation	-05 Echaskech's The Stor	Echaskech's_The_Stor
db2338c430544350ae86e430bda9a0aa	Kultiration	Kultiration	 Seen and gone	Seen_and_gone
b5c0adc38b5a4307af46265335e212cb	Kultiration	Kultiration	 Lejoninna	Lejoninna
9bf1d3dfa4e44fa4903af6ae9f4028b0	Kultiration	Kultiration	 Seaside	Seaside
33d74f3bf2224d7ba795ad005bbed6d2	Kultiration	Kultiration	 Constant waterfall	Constant_waterfall
2d6a85353571432daecff0311ac06928	Kultiration	Kultiration	 Mahishasuramardinee stotra	Mahishasuramardinee_stotra
949371e35cdf4dd1b06b70d536c43890	Kultiration	Kultiration	 Agnaye swaahaa	Agnaye_swaahaa
018dde269d0c467eb577c7ab3024ba4b	Kultiration	Kultiration	 Peace of mind	Peace_of_mind
f6cb35b5d55047f687b2924de8f3c8d1	Kultiration	Kultiration	 Treår	Treår
29cc7a14d56b42bbbd0f5198f35d0e91	Kultiration	Kultiration	-03 Earth songs	Earth_songs
daaaf81d50284408a4fe239b9a80c86c	Kultiration	Kultiration	 Armérika	Armérika
3a859027301b48f683ef1354f75ca47a	Kultiration	Kultiration	 Mörk är natten innan gryning	Mörk_är_natten_innan_gryning
7805ad1f2ae94c5cabaacdc0d4bb9be5	Kurt Vile	Ghost Town - Single	Ghost Town	Ghost_Town
fcb35c816400450b8ada0280553fe4a2	last days	One Five Zero	-07 points bridge	oints_bridge
50acc6a97b254cff9faa8c20d418407f	last days	One Five Zero	-11 the norwegian sea (arc lab mix)	the_norwegian_sea_arc_lab_mix
a5be2b59eac041dcbd938d731876331d	LazerDisk Party Sex	Unknown Album	Lemonade is Still Popular	Lemonade_is_Still_Popular
0677e41c7a904ca1937dbe66055f5680	Led Zepplin	Unknown Album	Babe Im Gonna Leave You	Babe_Im_Gonna_Leave_You
790fbfd827ed4613b5bd4c97abeee9de	Leonard Cohen	Songs from the Road	 Lover, Lover, Lover	Lover_Lover_Lover
ca64be8a526f4e1dbb7ec90d20cc72ab	Leonard Cohen	Songs from the Road	 Bird on the Wire	Bird_on_the_Wire
4ce9c67c407e4d099faf6fe66b459397	Leonard Cohen	Songs from the Road	 Chelsea Hotel	Chelsea_Hotel
239cb605b0834ba8a6f4eb1a95f977e2	Leonard Cohen	Songs from the Road	 Heart With No Companion	Heart_With_No_Companion
9a126c597d454e788918b77496e3aa53	Leonard Cohen	Songs from the Road	 That Don't Make it Junk	That_Don't_Make_it_Junk
a4b104418fbf4a129ddfab604780258c	Leonard Cohen	Songs from the Road	 Waiting for the Miracle	Waiting_for_the_Miracle
099b2fb50e7f469a92c77d409a44971c	Leonard Cohen	Songs from the Road	 Avalanche	Avalanche
c901e0c0ed2e4e2eb0e163139a831b5d	Leonard Cohen	Songs from the Road	 Suzanne	Suzanne
0dc8e5a9f8ad475d8ba1bafc2a23ba4c	Leonard Cohen	Songs from the Road	-09 The Partisan	The_Partisan
12aa84cd4cb34448bbc8adca33e0d028	Leonard Cohen	Songs from the Road	 Famous Blue Raincoat	Famous_Blue_Raincoat
1d66a5fe20c441e59438dfbbb3867072	Leonard Cohen	Songs from the Road	 Hallelujah	Hallelujah
a080ab0f40bb471e87e81b06f111ff28	Leonard Cohen	Songs from the Road	 Closing Time	Closing_Time
4eed13ff6f1b4624af86a77adeccb028	lights out asia	One Five Zero	-04 psiu! puxa!	siu!_puxa!
b5c70b8a233048f1aad90eac1706b131	Little People	Mickey Mouse Operation	 Basique	Basique
35bf99e6e1044050bcb61d1ebf8ba208	Little People	Mickey Mouse Operation	-02 Moon	Moon
eae7119933e447b08e3f850ad1e1d58d	Little People	Mickey Mouse Operation	-06 Breathe Again (feat. Rachael Roberts)	Breathe_Again_feat_Rachael_Roberts
67eed9e908794394b812906e801f4b84	Little People	Mickey Mouse Operation	-08 Idio	Idio
8e2ff9a11e4f46408d572b9744a4b40f	Little People	Mickey Mouse Operation	-10 Last Fare	Last_Fare
8d338be68fa14420922995773f5e6491	Living Legends	The Gathering	She Wants Me	She_Wants_Me
0794d32e13954a65b270a371996313a2	Local Natives	Gorilla Manor	 Wide Eyes	Wide_Eyes
668d162ff1ab4751a0bf87dfc8c787ae	Local Natives	Gorilla Manor	 Airplanes	Airplanes
d4239adefc4e4043b0ab0265fa35f401	Local Natives	Gorilla Manor	 Sun Hands	Sun_Hands
7b066fdd1aa343d5871f555f856d2f3d	Local Natives	Gorilla Manor	 World News	World_News
75548d0f118f49b4ae6333a05a292311	Local Natives	Gorilla Manor	 Shape Shifter	Shape_Shifter
4ad05ba94ad1461a806cbe5597a24b60	Local Natives	Gorilla Manor	 Camera Talk	Camera_Talk
dcbcf8df15e247d2987d5153fd42ad6e	Local Natives	Gorilla Manor	 Cards and Quarters	Cards_and_Quarters
00eb2e71134046a8afbb54578379c58d	Local Natives	Gorilla Manor	 Warning Sign	Warning_Sign
2199f67eabe34e67a49592e766b0c20b	Local Natives	Gorilla Manor	 Who Knows Who Cares	Who_Knows_Who_Cares
6c10a89893704ea58f0916e1af981144	Local Natives	Gorilla Manor	-10 Cubism Drea	Cubism_Drea
3667984dc8634919861e0d280f379790	Local Natives	Gorilla Manor	 Stranger Things	Stranger_Things
d308fc13fcc74f8cae348b30ecc882ed	Local Natives	Gorilla Manor	 Sticky Thread	Sticky_Thread
fa3daf7513fd491b8f97d8b478bf2795	loess	One Five Zero	-09 talus (tobias lilja remix)	talus_tobias_lilja_remix
837468e124984a4db3ea1f8a9b99b346	Mattafix	Signs Of A Struggle	 Gangster Blues	Gangster_Blues
afb6115190cb484f965481ea55d52063	Mattafix	Signs Of A Struggle	 Passer By	Passer_By
2f71f184f9d14a59a2a4cbb661c4c152	Mattafix	Signs Of A Struggle	 To & Fro	To_&_Fro
5276633e94a943b5b4e51fe01da7ec66	Mattafix	Signs Of A Struggle	 Everyone Around You	Everyone_Around_You
3352bc06ec004e32bcb07fd5a633b94c	Mattafix	Signs Of A Struggle	 Clear And Present Danger	Clear_And_Present_Danger
60eccbb8179449618217a41d3efec3da	Mattafix	Signs Of A Struggle	 Older	Older
a40bf65dfb474bfcb8b88a6a0e30e36b	Mattafix	Signs Of A Struggle	 I To You	I_To_You
6c729efdeae4446db0f35fae0001e69d	Mattafix	Signs Of A Struggle	 Impartial	Impartial
f941c634eeea4152b5e28fbdefb97c48	Mattafix	Signs Of A Struggle	 The Means	The_Means
491d30dabc8649039c49fd07973a3332	Mattafix	Signs Of A Struggle	 1130	1130
bf560cf90f4a4a47be07194a5489e5b2	Mattafix	Signs Of A Struggle	 Forgotten	Forgotten
8262e14494af4f48bc9a902b1303e424	Mattafix	Signs Of A Struggle	 555	555
7c631123d1654db1b3e1c794524637e3	Mattafix	Signs Of A Struggle	 Cool Down The Place	Cool_Down_The_Place
ecec84547106414bb62c8e438e1fc242	MGMT	Oracular Spectacular	Time To Pretend (High Contrast Remix)	Time_To_Pretend_High_Contrast_Remix
c1e7adf379244810bc48865af5a97fb5	Minus The Bear	Planet of Ice	 Ice Monster	Ice_Monster
f534f4ab3e1c4d5e8ff763e50726ca10	Minus The Bear	Planet of Ice	 Knights	Knights
ade90b52a9484664a49f6608e6acc5a9	Minus The Bear	Planet of Ice	 White Mystery	White_Mystery
4a7c85b520804e1796cebc2bd636db7f	Minus The Bear	Planet of Ice	 Dr. L'Ling	Dr_L'Ling
903054ef52c846da9a844908d17e6ed0	Minus The Bear	Planet of Ice	 Part 2	Part_2
fb7ac0af107f45feb0b6df15ef74db2a	Minus The Bear	Planet of Ice	 Double Vision Quest	Double_Vision_Quest
d2e5e9b3ea3e4b6ba414ffbf00088705	My Bloody Valentine	mbv	-01 she found now	she_found_now
2cef0b2743094169b454ae023828e18e	My Bloody Valentine	mbv	-02 only tomorrow	only_tomorrow
7be7693cddf24285ba138b89293b8779	My Bloody Valentine	mbv	-03 who sees you	who_sees_you
c6cdf16b44ff4830aeb4d35c3e40ca5e	My Bloody Valentine	mbv	-04 is this and yes	is_this_and_yes
50bbecf5acd244f6809c9ebad6116082	My Bloody Valentine	mbv	-05 if i a	if_i_a
a11ea01159dc4013aac0ec3b2476ed5d	My Bloody Valentine	mbv	-06 new you	new_you
1cfd2be61dba40a1948a97c7f51028a4	My Bloody Valentine	mbv	-07 in another way	in_another_way
ca665a81ff8f4dec9e601d8a74f01874	My Bloody Valentine	mbv	-08 nothing is	nothing_is
43bb1ebd2908464cb3f8fc3fb7b93494	My Bloody Valentine	mbv	-09 wonder 2	wonder_2
7a7850c0276d4af3ad692f57e67941bf	Pavement	Brighten the Corners_ Nicene Creedence Edition [Disc 1]	 Stereo	Stereo
448c36cd9ab445aea7149eebf3ffc7db	Pavement	Brighten the Corners_ Nicene Creedence Edition [Disc 1]	 Shady Lane_J vs. S	Shady_Lane_J_vs_S
cd2d232337d7472aa9f18cb18ed1deac	Pavement	Brighten the Corners_ Nicene Creedence Edition [Disc 1]	 Transport Is Arranged	Transport_Is_Arranged
4414e354463d47a78e515999a79b8374	Pavement	Brighten the Corners_ Nicene Creedence Edition [Disc 1]	 Date w_Ikea	Date_w_Ikea
46e47bc9dcca45f99159a866888eda78	Pavement	Brighten the Corners_ Nicene Creedence Edition [Disc 1]	 Old to Begin	Old_to_Begin
413d14f237fe4b0488b520f29f622b46	Pavement	Brighten the Corners_ Nicene Creedence Edition [Disc 1]	 Type Slowly	Type_Slowly
01231e101f524327aba8b93ba98382e4	Pavement	Brighten the Corners_ Nicene Creedence Edition [Disc 1]	 Embassy Row	Embassy_Row
d6c9360f74814a52ac7cb2883b029cdd	Pavement	Brighten the Corners_ Nicene Creedence Edition [Disc 1]	 Blue Hawaiian	Blue_Hawaiian
7d0b75dcdd1e42b4aa07b0571a811ba9	Pavement	Brighten the Corners_ Nicene Creedence Edition [Disc 1]	 We Are Underused	We_Are_Underused
743aa739cfaf4de48978b92d5020d87f	Pavement	Brighten the Corners_ Nicene Creedence Edition [Disc 1]	 Passat Drea	Passat_Drea
fb9d74bf018d49439e9e178de33209dc	Pavement	Brighten the Corners_ Nicene Creedence Edition [Disc 1]	 Starlings of the Slipstrea	Starlings_of_the_Slipstrea
e934837479774da6a6984957584f481c	Pavement	Brighten the Corners_ Nicene Creedence Edition [Disc 1]	 Fin	Fin
7a7d5e74cf104de89c51a98a0a331b1f	Pavement	Brighten the Corners_ Nicene Creedence Edition [Disc 1]	 And Then (The Hexx)	And_Then_The_Hexx
cc71469d96ee439ebaca10eb782234c0	Pavement	Brighten the Corners_ Nicene Creedence Edition [Disc 1]	 Beautiful as a Butterfly	Beautiful_as_a_Butterfly
f630a6ee3ecc4fb793c6fbf15fd0c05f	Pavement	Brighten the Corners_ Nicene Creedence Edition [Disc 1]	 Cataracts	Cataracts
37410f3e38ca4938b2c2447852517e84	Pavement	Brighten the Corners_ Nicene Creedence Edition [Disc 1]	 Westie Can Dru	Westie_Can_Dru
955dba6dd60d411eb457748bc933a116	Pavement	Brighten the Corners_ Nicene Creedence Edition [Disc 1]	 Winner of The	Winner_of_The
9284e510a4e745c2bcb4463a12390b5c	Pavement	Brighten the Corners_ Nicene Creedence Edition [Disc 1]	 Birds in the Majic Industry	Birds_in_the_Majic_Industry
4a669a631ec24468adf3801ec82251d6	Pavement	Brighten the Corners_ Nicene Creedence Edition [Disc 1]	 Harness Your Hopes	Harness_Your_Hopes
f9718225d22b47f590ab44870c41a425	Pavement	Brighten the Corners_ Nicene Creedence Edition [Disc 1]	 Roll with the Wind	Roll_with_the_Wind
c87a789b68da4dd6bbab30c16a99962a	Pavement	Brighten the Corners_ Nicene Creedence Edition [Disc 2]	 Slowly Typed	Slowly_Typed
748646ef06e24652b9641d24b7c7dbd6	Pavement	Brighten the Corners_ Nicene Creedence Edition [Disc 2]	 Cherry Area	Cherry_Area
f54104cdda654b5ebb5a246b63b24607	Pavement	Brighten the Corners_ Nicene Creedence Edition [Disc 2]	 Wanna Mess You Around	Wanna_Mess_You_Around
a11bd7e6e6e0404096041c20c5ed3d22	Pavement	Brighten the Corners_ Nicene Creedence Edition [Disc 2]	 No Tan Lines	No_Tan_Lines
a9ee4b14befc40bf850f97bc4592347a	Pavement	Brighten the Corners_ Nicene Creedence Edition [Disc 2]	 The Killing Moon	The_Killing_Moon
15aea7119aa44039846b44845760f8a6	Pavement	Brighten the Corners_ Nicene Creedence Edition [Disc 2]	 Embassy Row Psych Intro	Embassy_Row_Psych_Intro
318f52df2aa54222ab34e5f142e6d297	Pavement	Brighten the Corners_ Nicene Creedence Edition [Disc 2]	 Nigel	Nigel
0397992f47644a64ae58ff676fdad736	Pavement	Brighten the Corners_ Nicene Creedence Edition [Disc 2]	 Chevy (Old to Begin)	Chevy_Old_to_Begin
2cd5ccc3c0984bb3be5526398e800ac2	Pavement	Brighten the Corners_ Nicene Creedence Edition [Disc 2]	 Roll with the Wind (Roxy)	Roll_with_the_Wind_Roxy
0f6bff64c0dc4458a7fd86fe26f4a80f	Pavement	Brighten the Corners_ Nicene Creedence Edition [Disc 2]	 Oddity	Oddity
c2c464927083420c9ce069a47684c67c	Pavement	Brighten the Corners_ Nicene Creedence Edition [Disc 2]	 Type Slowly [Live]	Type_Slowly_[Live]
e05c74a06b6b46479ff566729f48a242	Pavement	Brighten the Corners_ Nicene Creedence Edition [Disc 2]	 Neil Hagerty Meets Jon Spencer in a Non-Alcoholic Bar [Live]	Neil_Hagerty_Meets_Jon_Spencer_in_a_NonAlcoholic_Bar_[Live]
de08956f0109401fa104113eabf14413	Pavement	Brighten the Corners_ Nicene Creedence Edition [Disc 2]	 Destroy Mater Dei [Live]	Destroy_Mater_Dei_[Live]
c89775390b994e5cb9c613a79c91d52e	Pavement	Brighten the Corners_ Nicene Creedence Edition [Disc 2]	 It's a Rainy Day Sunshine Girl [Live]	It's_a_Rainy_Day_Sunshine_Girl_[Live]
7d4b1fb2918d420a9d1d81c2f9598cf8	Pavement	Brighten the Corners_ Nicene Creedence Edition [Disc 2]	 Maybe Maybe [Live]	Maybe_Maybe_[Live]
4bc8f802ddec48fb8a5b5c5e4f96bef4	Pavement	Brighten the Corners_ Nicene Creedence Edition [Disc 2]	 Grave Architecture	Grave_Architecture
1c46e9a2e74a46e195a40a60f53d8fdd	Pavement	Brighten the Corners_ Nicene Creedence Edition [Disc 2]	 The Classical	The_Classical
24cf30a18a21404c821d866a90ef978f	Pavement	Brighten the Corners_ Nicene Creedence Edition [Disc 2]	 Space Ghost Theme, Pt. 1 [Live]	Space_Ghost_Theme_Pt_1_[Live]
3168f12842324f7fb3ae3deeb561c429	Pavement	Brighten the Corners_ Nicene Creedence Edition [Disc 2]	 Space Ghost Theme, Pt. 2 [Live]	Space_Ghost_Theme_Pt_2_[Live]
7e981655eab048cab0bd153f4bca440a	Pavement	Crooked Rain, Crooked Rain_ L.A.'s Desert Origins [Disc 1]	 Silence Kit	Silence_Kit
96e788a7f9d54e9f927c4a62f2e796d1	Pavement	Crooked Rain, Crooked Rain_ L.A.'s Desert Origins [Disc 1]	 Elevate Me Later	Elevate_Me_Later
0827ce26eec04618b77d95d98b1cb99d	Pavement	Crooked Rain, Crooked Rain_ L.A.'s Desert Origins [Disc 1]	 Stop Breathin'	Stop_Breathin'
e8dab8196d5d49bd9e34e429fc801695	Pavement	Crooked Rain, Crooked Rain_ L.A.'s Desert Origins [Disc 1]	 Cut Your Hair	Cut_Your_Hair
5f7658dddcd24ea99a34dfd5cfe184f3	Pavement	Crooked Rain, Crooked Rain_ L.A.'s Desert Origins [Disc 1]	 Newark Wilder	Newark_Wilder
6aba113d68af47268d3cfe16817b1d2d	Pavement	Crooked Rain, Crooked Rain_ L.A.'s Desert Origins [Disc 1]	 Unfair	Unfair
78717e78edb94bc681c063b0d9cd63d0	Pavement	Crooked Rain, Crooked Rain_ L.A.'s Desert Origins [Disc 1]	 Gold Soundz	Gold_Soundz
adf7e39dbb64461bb531ebeacd921ddf	Pavement	Crooked Rain, Crooked Rain_ L.A.'s Desert Origins [Disc 1]	 5 - 4 = Unity	5__4_=_Unity
20f0682ef594458d86be892713f8dce5	Pavement	Crooked Rain, Crooked Rain_ L.A.'s Desert Origins [Disc 1]	 Range Life	Range_Life
47dd0ebdfcbb41ed88b77d2d59a3ae5f	Pavement	Crooked Rain, Crooked Rain_ L.A.'s Desert Origins [Disc 1]	 Heaven Is a Truck	Heaven_Is_a_Truck
9d5d8610f380427d90b0fca973fe935f	Pavement	Crooked Rain, Crooked Rain_ L.A.'s Desert Origins [Disc 1]	 Hit the Plane Down	Hit_the_Plane_Down
649289a5cc724a2b9fb6ecbeab7817b5	Pavement	Crooked Rain, Crooked Rain_ L.A.'s Desert Origins [Disc 1]	 Fillmore Jive	Fillmore_Jive
173822e5ebbd49e0b3cce28b8d52bbb1	Pavement	Crooked Rain, Crooked Rain_ L.A.'s Desert Origins [Disc 1]	 Camera	Camera
80c4662488564b83bcee93b7ac2223f4	Pavement	Crooked Rain, Crooked Rain_ L.A.'s Desert Origins [Disc 1]	 Stare	Stare
269b2ac4038b4049b415e7289b4320f8	Pavement	Crooked Rain, Crooked Rain_ L.A.'s Desert Origins [Disc 1]	 Raft	Raft
48685e7ecff94e6f9e25e6f608f579e4	Pavement	Crooked Rain, Crooked Rain_ L.A.'s Desert Origins [Disc 1]	 Coolin' By Sound	Coolin'_By_Sound
5f6b371dfab142388a1589831203ae59	Pavement	Crooked Rain, Crooked Rain_ L.A.'s Desert Origins [Disc 1]	 Kneeling Bus	Kneeling_Bus
c642ef5b437a4065b6d3b4016b8982f3	Pavement	Crooked Rain, Crooked Rain_ L.A.'s Desert Origins [Disc 1]	 Strings of Nashville	Strings_of_Nashville
7a398971c19f400b911850828a1ec0f6	Pavement	Crooked Rain, Crooked Rain_ L.A.'s Desert Origins [Disc 1]	 Exit Theory	Exit_Theory
2cd13b4b959d4ce89a6fc40e7922f803	Pavement	Crooked Rain, Crooked Rain_ L.A.'s Desert Origins [Disc 1]	 5 - 4 Vocal	5__4_Vocal
710f8fa27c794df082eb7dbb3a7cdcde	Pavement	Crooked Rain, Crooked Rain_ L.A.'s Desert Origins [Disc 1]	 Jam Kids	Jam_Kids
9788982bce6c4950b2f3a46dbadc33cd	Pavement	Crooked Rain, Crooked Rain_ L.A.'s Desert Origins [Disc 1]	 Haunt You Down	Haunt_You_Down
0105e8de27c3412a8a7ba631b8458891	Pavement	Crooked Rain, Crooked Rain_ L.A.'s Desert Origins [Disc 1]	 Unseen Power of the Picket Fence	Unseen_Power_of_the_Picket_Fence
6432e7445bd04435a4d4a5d94dfac795	Pavement	Crooked Rain, Crooked Rain_ L.A.'s Desert Origins [Disc 1]	 Nail Clinic	Nail_Clinic
97d433ff6d2b48afbfa8e0446496ee77	Pavement	Crooked Rain, Crooked Rain_ L.A.'s Desert Origins [Disc 2]	 All My Friends	All_My_Friends
fb2d14582a564db9a9e4b6741ada26b7	Pavement	Crooked Rain, Crooked Rain_ L.A.'s Desert Origins [Disc 2]	 Soiled Little Filly	Soiled_Little_Filly
0a58e4ce4e50480f83b672679a3205b3	Pavement	Crooked Rain, Crooked Rain_ L.A.'s Desert Origins [Disc 2]	 Stop Breathing	Stop_Breathing
21273c82f5ee4711ad1fca2d455e9ba2	Pavement	Crooked Rain, Crooked Rain_ L.A.'s Desert Origins [Disc 2]	 Ell Ess Two	Ell_Ess_Two
b7aa21fa303542c787313203d41edaf1	Pavement	Crooked Rain, Crooked Rain_ L.A.'s Desert Origins [Disc 2]	 Flux = Rad	Flux_=_Rad
7e973a5cfab148758791e69dd7eece9b	Pavement	Crooked Rain, Crooked Rain_ L.A.'s Desert Origins [Disc 2]	 Bad Version of War	Bad_Version_of_War
a47bf4cd3ca243ad8d714d94f155f4e8	Pavement	Crooked Rain, Crooked Rain_ L.A.'s Desert Origins [Disc 2]	 Same Way of Saying	Same_Way_of_Saying
619e7aca06984c9f8db67f852fe36c2a	Pavement	Crooked Rain, Crooked Rain_ L.A.'s Desert Origins [Disc 2]	 Hands Off the Bayou	Hands_Off_the_Bayou
a2ddc8330fc742e58c864f507b753887	Pavement	Crooked Rain, Crooked Rain_ L.A.'s Desert Origins [Disc 2]	 Heaven Is a Truck (Eggshell)	Heaven_Is_a_Truck_Eggshell
94f0b23e2e3d40029bfe49d25ea407a9	Pavement	Crooked Rain, Crooked Rain_ L.A.'s Desert Origins [Disc 2]	 Grounded	Grounded
c9e82f30536148caa6f73a2542f602e1	Pavement	Crooked Rain, Crooked Rain_ L.A.'s Desert Origins [Disc 2]	 Kennel District	Kennel_District
a116d6b95264485484a54822caf995f1	Pavement	Crooked Rain, Crooked Rain_ L.A.'s Desert Origins [Disc 2]	 Pueblo (Beach Boys)	Pueblo_Beach_Boys
1f39fd648ff24226aae2df68aae394bb	Pavement	Crooked Rain, Crooked Rain_ L.A.'s Desert Origins [Disc 2]	 Fucking Righteous	Fucking_Righteous
fe8a765be2d74660beff7d8c63b35538	Pavement	Crooked Rain, Crooked Rain_ L.A.'s Desert Origins [Disc 2]	 Colorado	Colorado
f24bb6e1b0e14bde8719385044ac7c42	Pavement	Crooked Rain, Crooked Rain_ L.A.'s Desert Origins [Disc 2]	 Dark Ages	Dark_Ages
fb0aedb71dc7415f99bd7c331d46efa2	Pavement	Crooked Rain, Crooked Rain_ L.A.'s Desert Origins [Disc 2]	 Flood Victi	Flood_Victi
0cad8f5a0be64d0281d580039962e073	Pavement	Crooked Rain, Crooked Rain_ L.A.'s Desert Origins [Disc 2]	 JMC Retro	JMC_Retro
ea6d019aacd44781a764fd859a9e9e0c	Pavement	Crooked Rain, Crooked Rain_ L.A.'s Desert Origins [Disc 2]	 Rug Rat	Rug_Rat
e0a10362d2e44c5e9a89465526d6c297	Pavement	Crooked Rain, Crooked Rain_ L.A.'s Desert Origins [Disc 2]	 Strings of Nashville [Instrumental]	Strings_of_Nashville_[Instrumental]
1b4b85c6e9834141986574fca56fc831	Pavement	Crooked Rain, Crooked Rain_ L.A.'s Desert Origins [Disc 2]	 Instrumental	Instrumental
b64f8de5e6ce451f82894119678b851b	Pavement	Crooked Rain, Crooked Rain_ L.A.'s Desert Origins [Disc 2]	 Brink of the Clouds	Brink_of_the_Clouds
63cf816750af4e048a23f2b710c768c3	Pavement	Crooked Rain, Crooked Rain_ L.A.'s Desert Origins [Disc 2]	 Tartar Martyr	Tartar_Martyr
312bcfcb47024b1a9b0d41da6bb7c464	Pavement	Crooked Rain, Crooked Rain_ L.A.'s Desert Origins [Disc 2]	 Pueblo Domain	Pueblo_Domain
b65a0189d2984f39bfa0200f7ab2bf87	Pavement	Crooked Rain, Crooked Rain_ L.A.'s Desert Origins [Disc 2]	 The Sutcliffe Catering Song	The_Sutcliffe_Catering_Song
c5c47fec7d32407dbda07c0661254656	Pavement	Slanted & Enchanted_ Luxe & Reduxe [Disc 1]	 Summer Babe [Winter Version]	Summer_Babe_[Winter_Version]
faba7979146d4731812655dd55aa3813	Pavement	Slanted & Enchanted_ Luxe & Reduxe [Disc 1]	 Trigger Cut_Wounded-Kite at _17	Trigger_Cut_WoundedKite_at__17
69b3312eaee54fc7b66ab0eea76d9efa	Pavement	Slanted & Enchanted_ Luxe & Reduxe [Disc 1]	 No Life Singed Her	No_Life_Singed_Her
8b7b7064400a446c9bb55f11ce25c08f	Pavement	Slanted & Enchanted_ Luxe & Reduxe [Disc 1]	 In the Mouth a Desert	In_the_Mouth_a_Desert
f5a38c44f44642298e5ddb0b5c3d3c7e	Pavement	Slanted & Enchanted_ Luxe & Reduxe [Disc 1]	 Conduit for Sale!	Conduit_for_Sale!
0e1291b371394e5c9470d7e17c3de086	Pavement	Slanted & Enchanted_ Luxe & Reduxe [Disc 1]	 Zürich Is Stained	Zürich_Is_Stained
a0ebf5fb343740e1b632cd60833388b9	Pavement	Slanted & Enchanted_ Luxe & Reduxe [Disc 1]	 Chesley's Little Wrists	Chesley's_Little_Wrists
5a946bd37d744f039b051e9fe3a34c4a	Pavement	Slanted & Enchanted_ Luxe & Reduxe [Disc 1]	 Loretta's Scars	Loretta's_Scars
8ed74205631745aab92c0d3c1b40ee28	Pavement	Slanted & Enchanted_ Luxe & Reduxe [Disc 1]	 Here	Here
b0736a35e5ca4b9dbc697eb88aa2cc1a	Pavement	Slanted & Enchanted_ Luxe & Reduxe [Disc 1]	 Two States	Two_States
f7f69faddc194811903f05c5f1d0e0c2	Pavement	Slanted & Enchanted_ Luxe & Reduxe [Disc 1]	 Perfume-V	PerfumeV
ed159395c0ac4d3aa6bafba3f5b0a783	Pavement	Slanted & Enchanted_ Luxe & Reduxe [Disc 1]	 Fame Throwa	Fame_Throwa
bb5b48ccb4074a8796fccafb582be5ac	Pavement	Slanted & Enchanted_ Luxe & Reduxe [Disc 1]	 Jackals, False Grails_ The Lonesome Era	Jackals_False_Grails__The_Lonesome_Era
67f400cca1954ee1a2f69b19eed1c886	Pavement	Slanted & Enchanted_ Luxe & Reduxe [Disc 1]	 Our Singer	Our_Singer
f84a715f50ee4000974c7ba897334711	Pavement	Slanted & Enchanted_ Luxe & Reduxe [Disc 1]	 Summer Baby [7_ Version]	Summer_Baby_[7__Version]
4efd97d998464670b1b7112ef95d6861	Pavement	Slanted & Enchanted_ Luxe & Reduxe [Disc 1]	 Mercy Snack_ The Laundromat	Mercy_Snack__The_Laundromat
fb485035d4e74c53a06535c0200f2ebc	Pavement	Slanted & Enchanted_ Luxe & Reduxe [Disc 1]	 Baptist Blacktick	Baptist_Blacktick
d8418c8a1eb4408390235edda6040fab	Pavement	Slanted & Enchanted_ Luxe & Reduxe [Disc 1]	 My First Mine	My_First_Mine
8e3efa814ca747e6bb142a507cc313d1	Pavement	Slanted & Enchanted_ Luxe & Reduxe [Disc 1]	 Here [Alternative Mix]	Here_[Alternative_Mix]
56e4ff6f1314414fb009b709ccbc65d8	Pavement	Slanted & Enchanted_ Luxe & Reduxe [Disc 1]	 Nothing Ever Happens	Nothing_Ever_Happens
91230d206fe445a19dd2796e32e94dae	Pavement	Slanted & Enchanted_ Luxe & Reduxe [Disc 1]	 Circa 1762	Circa_1762
f2f765a13a0b43c3a554281877d7062c	Pavement	Slanted & Enchanted_ Luxe & Reduxe [Disc 1]	 Kentucky Cocktail	Kentucky_Cocktail
6d705320731b4932b5e548ee8b483d7d	Pavement	Slanted & Enchanted_ Luxe & Reduxe [Disc 1]	 Secret Knowledge of Backroads	Secret_Knowledge_of_Backroads
7bb4d994975249638ac40fe68ed5412c	Pavement	Slanted & Enchanted_ Luxe & Reduxe [Disc 2]	 Texas Never Whispers	Texas_Never_Whispers
3641d8dd721d4a738fc4c3666ee9d63e	Pavement	Slanted & Enchanted_ Luxe & Reduxe [Disc 2]	 Frontwards	Frontwards
d20b920146aa48debcae27ceb65f790d	Pavement	Slanted & Enchanted_ Luxe & Reduxe [Disc 2]	 Lions (Linden)	Lions_Linden
9202ca58b98d42f9a7e09eab8fafe108	Pavement	Slanted & Enchanted_ Luxe & Reduxe [Disc 2]	 Shoot the Singer (1 Sick Verse)	Shoot_the_Singer_1_Sick_Verse
eb635c3cb577444da9cff637623e4ac7	Pavement	Slanted & Enchanted_ Luxe & Reduxe [Disc 2]	 Sue Me Jack	Sue_Me_Jack
c259cd0eea914d0b9612cd17968903b2	Pavement	Slanted & Enchanted_ Luxe & Reduxe [Disc 2]	 So Stark (You're a Skyscraper)	So_Stark_You're_a_Skyscraper
dc6fcc1978fb486599b8ad5a5d2c6871	Pavement	Slanted & Enchanted_ Luxe & Reduxe [Disc 2]	 Greenlander	Greenlander
bb9a4cc3e1b54abd8dbd73782cb07698	Pavement	Slanted & Enchanted_ Luxe & Reduxe [Disc 2]	 Rain Ammunition	Rain_Ammunition
2e5c8f766d224232b9c33e25cc4505b4	Pavement	Slanted & Enchanted_ Luxe & Reduxe [Disc 2]	 Drunks With Guns	Drunks_With_Guns
8a50427621af4daf8ee898cb1df17d24	Pavement	Slanted & Enchanted_ Luxe & Reduxe [Disc 2]	 Ed Ames	Ed_Ames
65ba37f19af2419c8974749cc8af7df9	Pavement	Slanted & Enchanted_ Luxe & Reduxe [Disc 2]	 The List of Dorms	The_List_of_Dorms
76945609f1ce4d59bd5b38e57bd40cb8	Pavement	Slanted & Enchanted_ Luxe & Reduxe [Disc 2]	 Conduit for Sale [Live]	Conduit_for_Sale_[Live]
3bf3d1937756496999d4b11e979fee7e	Pavement	Slanted & Enchanted_ Luxe & Reduxe [Disc 2]	 Fame Throwa [Live]	Fame_Throwa_[Live]
10e5903896ac4c7194953395d8a3856b	Pavement	Slanted & Enchanted_ Luxe & Reduxe [Disc 2]	 Home [Live]	Home_[Live]
20e6a59f227743d79708c40f863a2977	Pavement	Slanted & Enchanted_ Luxe & Reduxe [Disc 2]	 Perfume-V [Live]	PerfumeV_[Live]
e0847e28f11045a6837b056ec94733e0	Pavement	Slanted & Enchanted_ Luxe & Reduxe [Disc 2]	 Summer Babe [Live]	Summer_Babe_[Live]
a3ce42c8e57041f89557196a7d9123c2	Pavement	Slanted & Enchanted_ Luxe & Reduxe [Disc 2]	 Frontwards [Live]	Frontwards_[Live]
f098ac92b8d34278961decb4c2925f32	Pavement	Slanted & Enchanted_ Luxe & Reduxe [Disc 2]	 Angel Carver Blues_Mellow Jazz Docent [Live]	Angel_Carver_Blues_Mellow_Jazz_Docent_[Live]
69f735c259324d9dacee21f290f829d6	Pavement	Slanted & Enchanted_ Luxe & Reduxe [Disc 2]	 Two States [Live]	Two_States_[Live]
b97deb9240c94dd48888097a86ada071	Pavement	Slanted & Enchanted_ Luxe & Reduxe [Disc 2]	 No Life Singed Her [Live]	No_Life_Singed_Her_[Live]
0b21461a85504437a19e2757670efb22	Pavement	Slanted & Enchanted_ Luxe & Reduxe [Disc 2]	 So Stark [Live]	So_Stark_[Live]
5b61825783624cd2a0d51023ea010777	Pavement	Slanted & Enchanted_ Luxe & Reduxe [Disc 2]	 Box Elder [Live]	Box_Elder_[Live]
2c7973fffcbb43388daeaab8cea91db8	Pavement	Slanted & Enchanted_ Luxe & Reduxe [Disc 2]	 Baby Yeah [Live]	Baby_Yeah_[Live]
64997b0365844a368acd7ddff3e4bf66	Pavement	Slanted & Enchanted_ Luxe & Reduxe [Disc 2]	 In the Mouth a Desert [Live]	In_the_Mouth_a_Desert_[Live]
a450769667d04092b20191e74d513007	Pavement	Terror Twilight	 Spit On A Stranger	Spit_On_A_Stranger
deafda2c87934aa1918b6ac4759d6cb3	Pavement	Terror Twilight	 Folk Ja	Folk_Ja
3702d622d7924d66b59b19abbb3cddf9	Pavement	Terror Twilight	 You Are A Light	You_Are_A_Light
fd8cd01b30e74de5895036932f11ef6c	Pavement	Terror Twilight	 Cream Of Gold	Cream_Of_Gold
ba086c44f6c946ab8b742e4860f47b3f	Pavement	Terror Twilight	 Major Leagues	Major_Leagues
07f8da24c47a4a01b323eedb4c163f48	Pavement	Terror Twilight	 Platform Blues	Platform_Blues
f181a3800f5241b58d58286b80b797f2	Pavement	Terror Twilight	 Ann Don_t Cry	Ann_Don_t_Cry
e878e4138ade4afcb8de5cdd5d2af2c5	Pavement	Terror Twilight	 Billie	Billie
2534cc6e411843838a2aa4b43fdea368	Pavement	Terror Twilight	 Speak, See, Remember	Speak_See_Remember
acae1c975dd14f3c8aeef17e58c77ff3	Pavement	Terror Twilight	 The Hexx	The_Hexx
22d463f8721942c283a0edb82dc2f885	Pavement	Terror Twilight	 ...And Carrot Rope	And_Carrot_Rope
b1b0e36e87c64fabba8b66b06cce9093	Pavement	Westing (By Musket and Sextant)	 You're Killing Me	You're_Killing_Me
108263b8d023475a8621995eb6d0dd0e	Pavement	Westing (By Musket and Sextant)	 Box Elder	Box_Elder
bf397551a37e458895332a5118f7eb54	Pavement	Westing (By Musket and Sextant)	 Maybe, Maybe	Maybe_Maybe
753ca3d4ad684a77b3b21e90617f3a33	Pavement	Westing (By Musket and Sextant)	 She Believes	She_Believes
36a094dd47be4c9ebc0a2ef141672ef9	Pavement	Westing (By Musket and Sextant)	 Price Yeah!	Price_Yeah!
acb92b7735c94f6f9e35f97d946aac10	Pavement	Westing (By Musket and Sextant)	 Forklift	Forklift
c0034036b7b5466eaa2bc32816dd253a	Pavement	Westing (By Musket and Sextant)	 Spizzle Trunk	Spizzle_Trunk
588dd4783cf0412cbe700841d50ca5a4	Pavement	Westing (By Musket and Sextant)	 Recorder Grot	Recorder_Grot
03f41ca62f394b5e9b69f0343c32a041	Pavement	Westing (By Musket and Sextant)	 Internal K-Dart	Internal_KDart
40911086cfa04af4b483af09d4b8e55b	Pavement	Westing (By Musket and Sextant)	 Perfect Depth	Perfect_Depth
e51627b1549e4c81afa25f654ab701f5	Pavement	Westing (By Musket and Sextant)	 Recorder Grot (Rally)	Recorder_Grot_Rally
663cc84bd5664531b7f1354d0f8a58fe	Pavement	Westing (By Musket and Sextant)	 Heckler Spray	Heckler_Spray
2523361ebd484fd7870053a88f435c15	Pavement	Westing (By Musket and Sextant)	 From Now On	From_Now_On
1e469f7ab4ae415680090d18aca49af7	Pavement	Westing (By Musket and Sextant)	 Angel Carver Blues_Mellow Jazz Docent	Angel_Carver_Blues_Mellow_Jazz_Docent
78d459144db54f19a0ad0a360048427c	Pavement	Westing (By Musket and Sextant)	 Drive by Fader	Drive_by_Fader
15d88b7d46f94a4ca107ff53f3f39e54	Pavement	Westing (By Musket and Sextant)	 Debris Slide	Debris_Slide
14691859f5004eef9ee99d9cc9602f65	Pavement	Westing (By Musket and Sextant)	 Home	Home
fea0721085d04cca8581fda4d672d1af	Pavement	Westing (By Musket and Sextant)	 Krell Vid-User	Krell_VidUser
1d6bae4b95954a2c8fe576d7472834af	Pavement	Westing (By Musket and Sextant)	 Mercy_ The Laundromat	Mercy__The_Laundromat
b0f9fffa225d447db21816da2191811f	Pavement	Westing (By Musket and Sextant)	 Baptiss Blacktick	Baptiss_Blacktick
8c4c7456a34f47589456056fe91f9d1f	Pavement	Westing (By Musket and Sextant)	 My Radio	My_Radio
21ac61f035ff4926865659117061617a	Pavement	Wowee Zowee_ Sordid Sentinels Edition [Disc 1]	 We Dance	We_Dance
9f715d98dd3a4f70946b07d1a7f87d23	Pavement	Wowee Zowee_ Sordid Sentinels Edition [Disc 1]	 Rattled by the Rush	Rattled_by_the_Rush
453e4aceffc240aab1b3b1c0dabdb828	Pavement	Wowee Zowee_ Sordid Sentinels Edition [Disc 1]	 Black Out	Black_Out
ecc8c3835889430793c6d78c769089c2	Pavement	Wowee Zowee_ Sordid Sentinels Edition [Disc 1]	 Brinx Job	Brinx_Job
f8ea783e391640b2914b70b2c75f557d	Pavement	Wowee Zowee_ Sordid Sentinels Edition [Disc 1]	 Serpentine Pad	Serpentine_Pad
c2a8822acf2f4735a34d4992390833af	Pavement	Wowee Zowee_ Sordid Sentinels Edition [Disc 1]	 Motion Suggests Itself	Motion_Suggests_Itself
f06390479d88400e99719acfc2a3acf9	Pavement	Wowee Zowee_ Sordid Sentinels Edition [Disc 1]	 Father to a Sister of Thought	Father_to_a_Sister_of_Thought
0fe4b30525fa43629730c79249b2d0c5	Pavement	Wowee Zowee_ Sordid Sentinels Edition [Disc 1]	 Extradition	Extradition
01479aad02a649489d5116a76ff9d85d	Pavement	Wowee Zowee_ Sordid Sentinels Edition [Disc 1]	 Best Friend's Ar	Best_Friend's_Ar
b9cff97342474d7ba8b0773744ca9e1d	Pavement	Wowee Zowee_ Sordid Sentinels Edition [Disc 1]	 AT & T	AT_&_T
943ecd993f194b0e81ec1334a95ae2f6	Pavement	Wowee Zowee_ Sordid Sentinels Edition [Disc 1]	 Fight This Generation	Fight_This_Generation
8d2dad6a4ea54b8986777f3e52f8104e	Pavement	Wowee Zowee_ Sordid Sentinels Edition [Disc 1]	 Pueblo	Pueblo
6969f7bab87f42fa82f79db0133d38c2	Pavement	Wowee Zowee_ Sordid Sentinels Edition [Disc 1]	 Half a Canyon	Half_a_Canyon
e3ccc9d3570e48c19df0b90162ede945	Pavement	Wowee Zowee_ Sordid Sentinels Edition [Disc 1]	 Western Homes	Western_Homes
c189407603024549886f6362da895359	Pavement	Wowee Zowee_ Sordid Sentinels Edition [Disc 1]	 Sordid [Wowee Zowee Session Outtake]	Sordid_[Wowee_Zowee_Session_Outtake]
b2cf54ddefa44201a2132dbd6dcc4115	Pavement	Wowee Zowee_ Sordid Sentinels Edition [Disc 1]	 False Skorpion	False_Skorpion
48326db3cc2c4aa9ac2c156aad877180	Pavement	Wowee Zowee_ Sordid Sentinels Edition [Disc 1]	 Easily Fooled	Easily_Fooled
c26e7a2862044cc194cc02562bf4e236	Pavement	Wowee Zowee_ Sordid Sentinels Edition [Disc 1]	 Kris Kraft	Kris_Kraft
4bc18904b0924d52890d274ed48c9e0f	Pavement	Wowee Zowee_ Sordid Sentinels Edition [Disc 1]	 Mussle Rock (Is a Horse in Transition)	Mussle_Rock_Is_a_Horse_in_Transition
284fb4eb2837400c98d73fce5ebbdb34	Pavement	Wowee Zowee_ Sordid Sentinels Edition [Disc 1]	 Give It a Day	Give_It_a_Day
6afe0c9fd1604f5b8715e1e1ad7a5394	Pavement	Wowee Zowee_ Sordid Sentinels Edition [Disc 1]	 Gangsters & Pranksters	Gangsters_&_Pranksters
012356f717aa44adb015f5b529d3063c	Pavement	Wowee Zowee_ Sordid Sentinels Edition [Disc 1]	 Saganaw	Saganaw
323e5c82a4474b209fec0e3ddfe28515	Pavement	Wowee Zowee_ Sordid Sentinels Edition [Disc 1]	 I Love Perth	I_Love_Perth
d2ac9e2b39284105911d4592023729bb	Pavement	Wowee Zowee_ Sordid Sentinels Edition [Disc 1]	 Sentinel [Wowee Session Outtake]	Sentinel_[Wowee_Session_Outtake]
228ba93949b74ba4bd22b36325fd37a2	Pavement	Wowee Zowee_ Sordid Sentinels Edition [Disc 2]	 Sensitive Euro Man	Sensitive_Euro_Man
15e83688e62145d184c46aa860ebafb2	Pavement	Wowee Zowee_ Sordid Sentinels Edition [Disc 2]	 Stray Fire [Wowee Zowee Session Outtake]	Stray_Fire_[Wowee_Zowee_Session_Outtake]
059d90ab2b00487d8c887336e3a22a82	Pavement	Wowee Zowee_ Sordid Sentinels Edition [Disc 2]	 Soul Food [Wowee Zowee Jam Session]	Soul_Food_[Wowee_Zowee_Jam_Session]
4a38d9b2be674b79a3e2abbac6313597	Pavement	Wowee Zowee_ Sordid Sentinels Edition [Disc 2]	 It's a Hectic World	It's_a_Hectic_World
2ccc25fbdd524016ae39cfd7da1fb85f	Pavement	Wowee Zowee_ Sordid Sentinels Edition [Disc 2]	 Golden Boys_Serpentine Pad	Golden_Boys_Serpentine_Pad
a13cb791b0564c4d8673d43f2ce00125	Pavement	Wowee Zowee_ Sordid Sentinels Edition [Disc 2]	 Painted Soldiers	Painted_Soldiers
0023b9d0dfc64fcb8beae0ec2562bdf9	Pavement	Wowee Zowee_ Sordid Sentinels Edition [Disc 2]	 Dancing with the Elders	Dancing_with_the_Elders
faf651f8d3c54f478764ba179c8ae010	Pavement	Wowee Zowee_ Sordid Sentinels Edition [Disc 2]	 Half a Canyon [Live]	Half_a_Canyon_[Live]
b5dfb67399154910a7dfe08b6293fe52	Pavement	Wowee Zowee_ Sordid Sentinels Edition [Disc 2]	 Best Friend's Arm [Live]	Best_Friend's_Arm_[Live]
1966cd488cde4829ba4fc6a28e9523dd	Pavement	Wowee Zowee_ Sordid Sentinels Edition [Disc 2]	 Brink of the Clouds_Candylad [Live]	Brink_of_the_Clouds_Candylad_[Live]
758b632c67e340ba972c5b2b3fb6d480	Pavement	Wowee Zowee_ Sordid Sentinels Edition [Disc 2]	 Unfair [Live]	Unfair_[Live]
f9965bc926774b818eac7b98ed6d92ee	Pavement	Wowee Zowee_ Sordid Sentinels Edition [Disc 2]	 Easily Fooled [Live]	Easily_Fooled_[Live]
46a5d5c193cf4c47a47a347b0e79e21b	Pavement	Wowee Zowee_ Sordid Sentinels Edition [Disc 2]	 Heaven Is a Truck [Live]	Heaven_Is_a_Truck_[Live]
864c13d894504439910dda5ea3463777	Pavement	Wowee Zowee_ Sordid Sentinels Edition [Disc 2]	 No More Kings	No_More_Kings
c7b783f096d44914b20a1d74bea6b744	Pavement	Wowee Zowee_ Sordid Sentinels Edition [Disc 2]	 We Dance [Alternate Mix]	We_Dance_[Alternate_Mix]
8568d07bc56a4309a3bdbb3209416f25	Pinback	Arrive Having Eaten._	 Sleep Bath	Sleep_Bath
5937a37768c74994827b6c6fc63df2d7	Pinback	Arrive Having Eaten._	 Anti-Hu (Version)	AntiHu_Version
43c3bc25c90046b98c42d5d148c753e9	Pinback	Arrive Having Eaten._	 Seville (Version)	Seville_Version
ec2e0144dfa548feb24ded54e3497350	Pinback	Autumn of the Seraphs	 From Nothing to Nowhere	From_Nothing_to_Nowhere
6d756e71be4d4f0d9699a4c88353bb5f	Pinback	Autumn of the Seraphs	 Barnes	Barnes
0f642ba5b7054ba599ac666fc103cb25	Pinback	Autumn of the Seraphs	 Good to Sea	Good_to_Sea
e7772ad36b9e4253a40da7d85ff53a3b	Pinback	Autumn of the Seraphs	 How We Breathe	How_We_Breathe
0bef604ec92d474b97242a4a80de4d2b	Pinback	Autumn of the Seraphs	 Walters	Walters
0a665583dd0249a485f8f2839ce631cb	Pinback	Autumn of the Seraphs	 Subbing for Eden	Subbing_for_Eden
8e667aea894f40a3a92561eaa8f76d5c	Pinback	Autumn of the Seraphs	 Devil You Know	Devil_You_Know
3998e454ce3e4251a356072070d31664	Pinback	Autumn of the Seraphs	 Blue Harvest	Blue_Harvest
e52f23ef18d742928c242fef31860409	Pinback	Autumn of the Seraphs	 Torch	Torch
f59d50ed079e47b9ab39a4809badd0ae	Pinback	Autumn of the Seraphs	 Bouquet	Bouquet
675c4743ab334977be7f254a62783af6	Pinback	Autumn of the Seraphs	 Off by 50	Off_by_50
88032ba1e0bb41a4aaf92d82d9a5b9d5	Pinback	Autumn of the Seraphs BONUS	 I'm A Pretty Lady	I'm_A_Pretty_Lady
b2e3107f45bf4d25944614cb4273b951	Pinback	Autumn of the Seraphs BONUS	 Kylie	Kylie
1e589e32c1fd40d997ee4d03987e0ce9	Pinback	Autumn of the Seraphs BONUS	 Autumn of the Seraphs	Autumn_of_the_Seraphs
4e588c1ae4d4471f8933024c66817c2d	Pinback	Blue Screen Life	 Offline P.K	Offline_PK
8f79009a0aff47909265524e304b7465	Pinback	Blue Screen Life	 Concrete Seconds	Concrete_Seconds
f04983b92c4e485186aa86a1094a25da	Pinback	Blue Screen Life	 Penelope	Penelope
699e12b7595847e08172f1e7da797a01	Pinback	Blue Screen Life	 Talby	Talby
3a66157c61994018a43da7c8ee17835d	Pinback	Blue Screen Life	 X I Y	X_I_Y
0290ba087c704f7e9e6a7ab747c6ac29	Pinback	Blue Screen Life	 Prog	Prog
861a85a3de874dbcb7f377faf2372e04	Pinback	Blue Screen Life	 Your Sickness	Your_Sickness
a61d0c2433394a3785a6ae7dd78ca83b	Pinback	Blue Screen Life	 Seville	Seville
44c87a2d1d0d414b931e2225d48fa16c	Pinback	Blue Screen Life	 West	West
5a5f64a874d945af8a047a6b387bdf36	Pinback	Blue Screen Life	 Tres	Tres
c1a41caf037a48d6b84b15c1994653ff	Pinback	Live in Donnys Garage	 Avignon	Avignon
d7ad3a5a7c71413bb010582461823024	Pinback	Live in Donnys Garage	 Shag	Shag
afeb00f92df74410a96e53f7540b79bb	Pinback	Live in Donnys Garage	 Tripoli	Tripoli
64c2f7627c314eb5b62f8984044de4ac	Pinback	Live in Donnys Garage	 Rousseau	Rousseau
d3e5e7e354a54d269a45dd32426d6984	Pinback	Live in Donnys Garage	 This Train	This_Train
f2a405cacce445d7bf0cbdbed856aca4	Pinback	More Or Less Live In A Few Different Places (Tour E.P. 2002)	 BBtone	BBtone
a0a462a072ad4f938af91231396fae99	Pinback	More Or Less Live In A Few Different Places (Tour E.P. 2002)	 Offline PK	Offline_PK
22a6da5ac68440eca6f4479a39a49bd3	Pinback	More Or Less Live In A Few Different Places (Tour E.P. 2002)	 XIY	XIY
ae68b3d2020c4e5cad90afba634b44b5	Pinback	More Or Less Live In A Few Different Places (Tour E.P. 2002)	 Rousseau	Rousseau
58706ed8325d491cb0926df20287644e	Pinback	Nautical Antiques	 Messenger	Messenger
3728705eb40f4e2a9e4a515413a11011	Pinback	Nautical Antiques	 Versailles	Versailles
1a6ca860cb384342b89130158e52bfee	Pinback	Nautical Antiques	 Byzantine	Byzantine
040ec19e2a77431caa5e58f63aff7dfb	Pinback	Nautical Antiques	 Water Run	Water_Run
77ba82d437de4d218f90516fb3b72280	Pinback	Nautical Antiques	 Seville (demo)	Seville_demo
3cca30fd33aa473c90c64fbdd3d7827c	Pinback	Nautical Antiques	 Concrete Seconds (demo)	Concrete_Seconds_demo
4711bcf080f941898933693d8770c7a0	Pinback	Nautical Antiques	 Clemenceau	Clemenceau
a6662b099abf49d2a49fa405649d84a9	Pinback	Nautical Antiques	 Avignon (full band version)	Avignon_full_band_version
a5063cc75d3040e2b3b3831bb8315d50	Pinback	Nautical Antiques	 Messenger (full band version)	Messenger_full_band_version
5c3b62854a184587a380fd3dcd099b22	Pinback	Offcell	 Microtonic Wave	Microtonic_Wave
8a6ef448e99045c68911a75e813f3201	Pinback	Offcell	 Victorious D	Victorious_D
0e16208b57e0469fa96660fc2d80b6f8	Pinback	Offcell	 Offcell	Offcell
2fd1cee01775426b9813b6ef0eb34327	Pinback	Offcell	 B	B
befeea3b23d44714a00ed2a723878af7	Pinback	Offcell	 Grey-Machine	GreyMachine
cb9fbc9e4e654228a5bb1bcf9c54f0c7	Pinback	Pinback	 Hurley	Hurley
d306633b1b9142789484308093d232c3	Pinback	Pinback	 Charborg	Charborg
08c4a28f0eaf4753981e36444ac8f4aa	Pinback	Pinback	 Chaos Engine	Chaos_Engine
a243ccbfe8b7447dbc38d92b7c198b3b	Pinback	Pinback	 Loro	Loro
fdb0efadcee9439fb6a43c2605287077	Pinback	Pinback	 Rousseau	Rousseau
d9f46d23d8884c50893a31c8761d1611	Pinback	Pinback	 Lyon	Lyon
ce3375d3354c439780e3288ac648e86f	Pinback	Pinback	 Montaigne	Montaigne
f1a2c3d22a4d4ffdb3eff46601e5aead	Pinback	Some Voices EP	 Some Voices	Some_Voices
f6cc12d93ebb464e91903ac506ed191f	Pinback	Some Voices EP	 Trainer	Trainer
d3a9cc5f24f044d695d963ee4cdd340a	Pinback	Some Voices EP	 Manchuria	Manchuria
9118597bc9b14e51a0d98b65e6078a5b	Pinback	Some Voices EP	 June	June
bd46943e76f84e55bcab7ff197a996f3	Pinback	Summer In Abaddon	 Non Photo-Blue	Non_PhotoBlue
3c73d973612045b8955ca315658c4487	Pinback	Summer In Abaddon	 Sender	Sender
6b1821e64a2448fc9079913f1e23cad1	Pinback	Summer In Abaddon	 Syracuse	Syracuse
a1eaba38cdce410787802ffc43d9f39b	Pinback	Summer In Abaddon	 Bloods On Fire	Bloods_On_Fire
5a222185d1244227bf2591c0b1372734	Pinback	Summer In Abaddon	 This Red Book	This_Red_Book
5ee077db38f546fc88368e889355d121	Pinback	Summer In Abaddon	 Soaked	Soaked
a7b2b659008143888e51c758c421345c	Pinback	Summer In Abaddon	 3X0	X0
6dd75addc1dd40458061d588fe2e072e	Pinback	Summer In Abaddon	 The Yellow Ones	The_Yellow_Ones
ed4ca7f29c4d429c82a00550da3718db	Pinback	Summer In Abaddon	 AFK	AFK
7ff86498d5f842988af5bb0b2d58aefa	Pinback	This is a pinback tour e.p. 2001	 serge	serge
54c69ec935134f5c9e5b3d925af32516	Pinback	Too Many Shadows	 Photograph Taken	Photograph_Taken
146eaf42616d454ab9c4c6eff859b651	Pinback	Too Many Shadows	 My Star	My_Star
a646741aeae64c9cb50527def815a7c8	Pinback	Too Many Shadows	 Forced Motion	Forced_Motion
254b251c75f44f94a169e87c2497b84a	Pinback	Too Many Shadows	 Microtonic Wave (Live Band Version)	Microtonic_Wave_Live_Band_Version
95ff0ec46b094c349eacbef8b494a41e	Pinback	Too Many Shadows	 Non Photo Blue (Live Band Version)	Non_Photo_Blue_Live_Band_Version
834fa04d1cfd4c91b7915273f0d292f9	Pinback	Too Many Shadows	 Fortress (Live Band Version)	Fortress_Live_Band_Version
182730cce47744e8999b8a8ad4dd67ef	Pinback	Too Many Shadows	 Boo	Boo
16fc128040c9463d88675c574ef64b66	Pinback	Tripoli	 Hurley (Appliance Wedding)	Hurley_Appliance_Wedding
9c7a21380446461999426b128939836c	Pinback	Tripoli	 Tripoli (Tin Foil Star)	Tripoli_Tin_Foil_Star
76b0165907704ca98a0ede132a733f83	Pinback	Tripoli	 Hurley (Thrak)	Hurley_Thrak
88fe11303cae44a8a3dc5eaa4e36b0a9	Pinback	Tripoli	 Tripoli (Starfish Pool)	Tripoli_Starfish_Pool
df90a143fd3b40fcaff6e1b57431653c	Pinback	Tripoli	 Tripoli (Em Peach)	Tripoli_Em_Peach
548743d631ec4a4eb1224ee1625915f0	Spiritualized	Ladies and Gentlemen We are Floating in Space	Broken Heart	Broken_Heart
cbff6394bb29422d95e45f6d4f368dbe	Spiritualized	Ladies and Gentlemen We are Floating in Space	Cop Shoot Co	Cop_Shoot_Co
7d8297c99fdf4799aad05a30b574a737	Squids	Unknown Album	el nino	el_nino
ac59ffef5475412e9af7dd749d8b73bf	Stephen Malkmus & The Jicks	Pig Lib	 Water And A Seat	Water_And_A_Seat
023103ba8f2c47308acd5c7480fa5801	Stephen Malkmus & The Jicks	Pig Lib	 Ramp Of Death	Ramp_Of_Death
41c1516669724d0ea81e7a32b8f2bae6	Stephen Malkmus & The Jicks	Pig Lib	 (Do Not Feed The) Oyster	Do_Not_Feed_The_Oyster
3f71e092ab054fc9880004fe443dc5ed	Stephen Malkmus & The Jicks	Pig Lib	 Vanessa From Queens	Vanessa_From_Queens
df4764241df24201a4ef73bc66891fe4	Stephen Malkmus & The Jicks	Pig Lib	 Sheets	Sheets
2a5cde318dec432ba7d914ac974eab8f	Stephen Malkmus & The Jicks	Pig Lib	 Animal Midnight	Animal_Midnight
eeca8b1745bb45358ed1f0438ec68db4	Stephen Malkmus & The Jicks	Pig Lib	 Dark Wave	Dark_Wave
ed4a4d30859a41c49a4a3b81d4d0fe40	Stephen Malkmus & The Jicks	Pig Lib	 Witch Mountain Bridge	Witch_Mountain_Bridge
f9add9a4343c467fb201c0a5f1090df7	Stephen Malkmus & The Jicks	Pig Lib	 Craw Song	Craw_Song
7d8646501dcc4fd396e886e15b5904ff	Stephen Malkmus & The Jicks	Pig Lib	 1% Of One	1%_Of_One
fb63b4b8982444ec8ea0581d737efc01	Stephen Malkmus & The Jicks	Pig Lib	 Us	Us
03d4bf198e074cc7b7e2f942620e2795	Stephen Malkmus and the Jicks	Mirror Traffic	 Tigers	Tigers
01fc6c3a49104643a9fea739d9079496	Stephen Malkmus and the Jicks	Mirror Traffic	 No One Is (As I Are Be)	No_One_Is_As_I_Are_Be
2de4675de5454e439d5a320a7dd2ccd3	Stephen Malkmus and the Jicks	Mirror Traffic	 Senator	Senator
93886744fe3847eaa7e12f6653da990b	Stephen Malkmus and the Jicks	Mirror Traffic	 Brain Gallo	Brain_Gallo
0193142c39d44cfe8ed07017ed250473	Stephen Malkmus and the Jicks	Mirror Traffic	 Jumblegloss	Jumblegloss
bf0e151a05e346449d51cc4b8d498347	Stephen Malkmus and the Jicks	Mirror Traffic	 Asking Price	Asking_Price
825228f0600b4b198bf73960cb730e6d	Stephen Malkmus and the Jicks	Mirror Traffic	 Stick Figures in Love	Stick_Figures_in_Love
0ba1edfe78d741168a145564f75efcf6	Stephen Malkmus and the Jicks	Mirror Traffic	 Spazz	Spazz
e1e586bad8f24acdb3ba05aeb8e5e7b6	Stephen Malkmus and the Jicks	Mirror Traffic	 Long Hard Book	Long_Hard_Book
9ccb4b6b7fa94a559fc6e4aa22dd7c31	Stephen Malkmus and the Jicks	Mirror Traffic	 Share the Red	Share_the_Red
447aa81087d4492ca741465940084fd0	Stephen Malkmus and the Jicks	Mirror Traffic	 Tune Grief	Tune_Grief
eb4c1e6234e248f581ed49ef5748634b	Stephen Malkmus and the Jicks	Mirror Traffic	 Forever 28	Forever_28
0fb32be9267f43259dedd2de85e73747	Stephen Malkmus and the Jicks	Mirror Traffic	 All Over Gently	All_Over_Gently
cfa70fe013114dbb914116e729e3b73a	Stephen Malkmus and the Jicks	Mirror Traffic	 Fall Away	Fall_Away
761ccd26ce6a49418b75da390d557408	Stephen Malkmus and the Jicks	Mirror Traffic	 Georgeous Georgie	Georgeous_Georgie
a8678505620843569351294ed6329e53	Stern Show	Unknown Album	BenStillerInterview	BenStillerInterview
9a02b6e8691a4d33801514ef64782e0e	Stern Show	Unknown Album	MadonnaInterview	MadonnaInterview
ba4de9ef99d4442096840ae7e33d1cb0	Talay Riley	ThisSongIsSick.com	Sergeant Smash (Roksonix Remix)	Sergeant_Smash_Roksonix_Remix
0052e3cfc50d4de2b6c1c9b16680afc7	The Asteroids Galaxy Tour	Fruit	 Lady Jesus	Lady_Jesus
3cca0833390f4e788d0482496ddcf766	The Asteroids Galaxy Tour	Fruit	 Satellite	Satellite
0a80ff2dba6a440fae28a934fe2df741	The Asteroids Galaxy Tour	Fruit	 Crazy	Crazy
79c3c1e1fb5b4a95860bc4877c098d69	The Asteroids Galaxy Tour	Fruit	 Around The Bend	Around_The_Bend
c8cb9c0fd5ba4334a3473f187ced9d6d	The Asteroids Galaxy Tour	Fruit	 Sunshine Coolin'	Sunshine_Coolin'
f3fe43060a8c46c5b1d045502cf9e617	The Asteroids Galaxy Tour	Fruit	-06 The Golden Age	The_Golden_Age
110b10e3c3f34bee8b290baae1e07700	The Beatles	Unknown Album	While My Guitar Gently weeps	While_My_Guitar_Gently_weeps
81d8c637887d4740a171ce2b5caf4d95	The Bloody Beetroots	BBS Original Productions [Various Download Locations]	Harvest Time	Harvest_Time
a3a37c0f992a4d39be9a7ad9f36cf05a	The Boxer Rebellion	Union	-01 Flashing Red Light Means Go	Flashing_Red_Light_Means_Go
accf212bbef8440b92479faa293ffd32	The Boxer Rebellion	Union	-02 Move On	Move_On
52d22d9825a3479590b54c77d5d7df8d	The Boxer Rebellion	Union	-03 Evacuate	Evacuate
30048c1adc39438b823db8a90ffb4e5a	The Boxer Rebellion	Union	-10 Semi Automatic	Semi_Automatic
1db6245d194d471a8ec812740cbd67c7	The Decemberists	The Crane Wife	 The Crane Wife 	The_Crane_Wife_
f2e7b6e24b394262ba6ec792fba343f2	The Decemberists	The Crane Wife	 The Island_Come And See_The Landlord's Daughter_You'll Not Feel The Drowning	The_Island_Come_And_See_The_Landlord's_Daughter_You'll_Not_Feel_The_Drowning
9e24148b955f449a86080e4b086ab271	The Decemberists	The Crane Wife	 Yankee Bayonet (I Will Be Home Then)	Yankee_Bayonet_I_Will_Be_Home_Then
7f3a7491ca354db9a3c6a2a723e1671a	The Decemberists	The Crane Wife	 O Valencia!	O_Valencia!
564e4034a68f48deb353fb55ceb6601f	The Decemberists	The Crane Wife	 The Perfect Crime No.2	The_Perfect_Crime_No2
d1b6d1e5d6f84fa3b7fb682501ee75bb	The Decemberists	The Crane Wife	 When The War Came	When_The_War_Came
e1fcb4b0345142be8e4594ca007ca72f	The Decemberists	The Crane Wife	 Shankill Butchers	Shankill_Butchers
7dafe81870ab4c6c9b7dba8891dc57cb	The Decemberists	The Crane Wife	 Summersong	Summersong
bf59a686faee40069859abd8de4d1703	The Decemberists	The Crane Wife	 The Crane Wife 1 & 2	The_Crane_Wife_1_&_2
188bc172db7446d18bd1c36f5004d3ab	The Decemberists	The Crane Wife	 Sons & Daughters	Sons_&_Daughters
841730be54ca45dc9b8d0c8dffc58511	The Drums	The Drums	 Best Friend	Best_Friend
340793ac1dde40d983c3fd812c4e719d	The Drums	The Drums	 Me And The Moon	Me_And_The_Moon
81f713df64fb4d14937fde884da01919	The Drums	The Drums	 Let's Go Surfing	Let's_Go_Surfing
b7b2ed24d099440ab727698396d77c94	The Drums	The Drums	 Book Of Stories	Book_Of_Stories
7d7fe0df32bb45e087aab04fb2f732b7	The Drums	The Drums	 Skippin' Town	Skippin'_Town
844d826a7bf2467bbd5e0cf7ac7d8f4c	The Drums	The Drums	 Forever And Ever Amen	Forever_And_Ever_Amen
27d200e71e1543a496f40db137159972	The Drums	The Drums	 Down By The Water	Down_By_The_Water
4c27092b62d7403d82948d802ec7328f	The Drums	The Drums	 It Will All End In Tears	It_Will_All_End_In_Tears
12a19523fab24384866785aea8054bac	The Drums	The Drums	 We Tried	We_Tried
dbdc4a6f55864f62837cbc4d2b89ee9e	The Drums	The Drums	 I Need Fun In My Life	I_Need_Fun_In_My_Life
238f6420d98f4cb8b060412bffed73c4	The Drums	The Drums	 I'll Never Drop My Sword	I'll_Never_Drop_My_Sword
068053e0fdab4350bc5316f955662f87	The Drums	The Drums	 The Future	The_Future
7912d960f8d34ef6afd88b6c4f583dd4	The Flaming Lips	Yoshimi Battles the Pink Robots	-09 Do You Realize__	Do_You_Realize__
d7bdcb1b53b549dab89f6077fcb3c5ee	The Helio Sequence	Keep Your Eyes Ahead	 Lately	Lately
a3f75f05b1b0438c800bfa567b94c9fb	The Helio Sequence	Keep Your Eyes Ahead	 Can't Say No	Can't_Say_No
3d80164b646046359b7ffa4cfeb4d5fb	The Helio Sequence	Keep Your Eyes Ahead	 You Can Come To Me	You_Can_Come_To_Me
42b4dcb554f44411aa9b702cb1be45a0	The Helio Sequence	Keep Your Eyes Ahead	 Keep Your Eyes Ahead	Keep_Your_Eyes_Ahead
c59614ec1bcf4645b13e2cb065eff7f6	The Helio Sequence	Keep Your Eyes Ahead	 Hallelujah	Hallelujah
ab29efdb928f4699a7dfe575b891f2af	The Helio Sequence	Keep Your Eyes Ahead	 Broken Afternoon	Broken_Afternoon
b9ab26d695f54e9dae90b0aec32d5642	The Helio Sequence	Keep Your Eyes Ahead	-03 The Captive Mind	The_Captive_Mind
75d1492a2f9e4ba39016c6642e667ddc	The Helio Sequence	Keep Your Eyes Ahead	 No Regrets	No_Regrets
959969f3d6df4b07a379ae0d77f13fd4	The Hollies	Unknown Album	Long Cool Women in a Black Dress	Long_Cool_Women_in_a_Black_Dress
3f219e87469d4c72850fae8af627ff1b	Various Artists	Indie_Rock Playlist_ January (2011)	 All Alone In An Empty House	All_Alone_In_An_Empty_House
08b55c3a674e43539b4327a3dc7f1072	Various Artists	Indie_Rock Playlist_ January (2011)	 Around My Head	Around_My_Head
eeef82308d344088a5468e23679d5810	Various Artists	Indie_Rock Playlist_ January (2011)	 Autumn	Autumn
c1f98dc88a784a73b7cdfeebde673809	Various Artists	Indie_Rock Playlist_ January (2011)	 Tighten U	Tighten_U
b7845967944e4d4aaa6a9b2ead1d195e	Various Artists	Indie_Rock Playlist_ January (2011)	 Walk Me Down	Walk_Me_Down
88bcc5bf70bb45a187587152889bbf0e	Various Artists	Indie_Rock Playlist_ January (2011)	 Walking Far From Home	Walking_Far_From_Home
c27d14c609a24c9fb016ac9d1f542380	Various Artists	Indie_Rock Playlist_ January (2011)	 WU	WU
024cdc3dddee4ad3a92535f6d8f2a7b9	Various Artists	Indie_Rock Playlist_ January (2011)	 Chugjug	Chugjug
a7b7eead6bee4ee1bb1ec262f30c72b8	Various Artists	Indie_Rock Playlist_ January (2011)	 Disaster	Disaster
b198dcd461364b1abd122914c9f20e73	Various Artists	Indie_Rock Playlist_ January (2011)	 Don't Say Oh Well	Don't_Say_Oh_Well
a836e52781544d4db4775a52fa3c727d	Various Artists	Indie_Rock Playlist_ January (2011)	 Extroverts At Play	Extroverts_At_Play
e076ee81db6749d1880021558853f755	Various Artists	Indie_Rock Playlist_ January (2011)	 Farewell To Wendo	Farewell_To_Wendo
ec0a06b6d43545739c7eb07627cad4d1	Various Artists	Indie_Rock Playlist_ January (2011)	 I'll Stay Here	I'll_Stay_Here
d85d29ea7cf54d139b7851dd4f02b04a	Various Artists	Indie_Rock Playlist_ January (2011)	 January Hymn	January_Hymn
98ee397fc0664d9b92d5f9e32a7b73f2	Various Artists	Indie_Rock Playlist_ January (2011)	 Kaputt	Kaputt
31775377a6eb462b9d21c63741f8304d	Various Artists	Indie_Rock Playlist_ January (2011)	 Kites	Kites
29f982164b264708adfbd91a4c26b809	Various Artists	Indie_Rock Playlist_ January (2011)	 Last Decade	Last_Decade
043b28a7b7024482b32f3f6f3a78bca9	Various Artists	Indie_Rock Playlist_ January (2011)	 Let You Down	Let_You_Down
1344dbdea3fc409683a62d7263470723	Various Artists	Indie_Rock Playlist_ January (2011)	 Long Day	Long_Day
3128c245f0c947809d51b9635a81464d	Various Artists	Indie_Rock Playlist_ January (2011)	 Mongrel Heart	Mongrel_Heart
8f574176161145a0b87d533513cc1049	Various Artists	Indie_Rock Playlist_ January (2011)	 Plath Heart	Plath_Heart
8f15c1a725324872aef2d1f363e58c7a	Various Artists	Indie_Rock Playlist_ January (2011)	 Silver Forest	Silver_Forest
9c93d889696f4449870d83d8a27273f0	Various Artists	Indie_Rock Playlist_ January (2011)	 Stars	Stars
32951a3a4fec441992ae5ed3bd6263e8	Various Artists	Indie_Rock Playlist_ January (2011)	 Tell Me, Cancer	Tell_Me_Cancer
