id, artist, album, song, format_song
b8254b3d564f46abad182d0c6862cd7e,Alabama Shakes,Sound & Color,-01 Sound & Color,Sound_&_Color
f6ffd3f1350a4e3487914381d8ad1b5b,Alabama Shakes,Sound & Color,-02 Don't Wanna Fight,Don't_Wanna_Fight
8a61bd3506b342e48471ed42a7355aca,Alabama Shakes,Sound & Color,-03 Dunes,Dunes
b8942488475848ad8272c3bb2de2dbc9,Alabama Shakes,Sound & Color,-04 Future People,Future_People
e03f3b996bba472c9b9af72912270472,Alabama Shakes,Sound & Color,-05 Gimme All Your Love,Gimme_All_Your_Love
40283297868a4dd3a14473655bce18d3,Alabama Shakes,Sound & Color,-06 This Feeling,This_Feeling
fc447ab29877479f8a149d738293266a,Alabama Shakes,Sound & Color,-07 Guess Who,Guess_Who
000478ab5dc54c7780081542465936c6,Alabama Shakes,Sound & Color,-08 The Greatest,The_Greatest
704b1f77caf14928af1550740cd6de92,Alabama Shakes,Sound & Color,-09 Shoegaze,Shoegaze
cfa5dd1c76c645c498b397073aaf040d,Alabama Shakes,Sound & Color,-10 Miss You,Miss_You
70668654eccb47a1bf2d79ce8a2db5d1,Alabama Shakes,Sound & Color,-11 Gemini,Gemini
484efcd313b040dcb7741c5c19f47c67,Alabama Shakes,Sound & Color,-12 Over My Head,Over_My_Head
805293190c9745ff9580476c11f3bf66,Alabama Shakes,Sound & Color,-01 Gimme All Your Love (Live From The Artists Den),Gimme_All_Your_Love_Live_From_The_Artists_Den
67a0e79a4ad14776984632acb9e46cdf,Alabama Shakes,Sound & Color,-02 The Greatest (Live From The Artists Den),The_Greatest_Live_From_The_Artists_Den
8a7dbcd05eef4dc0a85682b39f7dc6ca,Alabama Shakes,Sound & Color,-03 Joe (Live From The Artists Den),Joe_Live_From_The_Artists_Den
7c15b7dbee7042edaba666036e5d7cc3,Assemble Head In Sunburst Sound,When Sweet Sleep Returned,The Slumbering Ones,The_Slumbering_Ones
9cafedd6596f43c9b33ca4ee4088de56,Assemble Head In Sunburst Sound,When Sweet Sleep Returned,Two Birds,Two_Birds
865d22f8870e47febfcb983c0387eb9d,Atmosphere,To All My Friends, Blood Makes the Blade Holy_ The Atmosphere EP's,The Major Leagues,The_Major_Leagues
49881d32771e4b18bca0aa63cf687ac1,B.o.B,Unknown Album,Ghost in the Machine,Ghost_in_the_Machine
5b50525a5a5f43a9ab2e34ec983a0759,Band of horses,Cease to begin, Detlef Schrempf,Detlef_Schrempf
5df20319bd324c7da5736f1a68f9b458,Band of horses,Cease to begin, island on the coast,island_on_the_coast
874fad2951ec46f7814c28dfb7b51b5a,Band of horses,Cease to begin, cigarettes wedding bands,cigarettes_wedding_bands
2719a608ce664fe4b42f473f2ef79f97,Band of horses,Everything All the Time, Part One,Part_One
e543c745f67a4095a9fdb40ce0914bf3,Band of horses,Infinite Arms, Factory,Factory
2ce2e22c61c54bf79d4a6efb2c2ab304,Band of horses,Infinite Arms,-02 Compliments,Compliments
b557f2e57334437a89e9d6aeef4549e0,Band of horses,Infinite Arms,-03 Laredo,Laredo
a568186b0d62473787da1d4563bdcc2b,Band of horses,Infinite Arms,-04 Blue Beard,Blue_Beard
93c3c5d3c9ca4a9f84a4d756d8e8ac31,Band of horses,Infinite Arms,-05 Way Back Home,Way_Back_Home
c0385170e913425cbb903e482e623369,Band of horses,Infinite Arms,-07 Dilly,Dilly
e89c22b9426f4f5db925e448d672ed7b,Band of horses,Infinite Arms,-10 Trudy,Trudy
384430bfdc174bc283f0dad566be121a,Band of horses,Infinite Arms, Bartles + James,Bartles_+_James
72a89393900b43bea32aad1590fe138b,Beach House,Devotion, Wedding Bell,Wedding_Bell
6a17b297a00f49959847a7032e7b895c,Beach House,Devotion, You Came to Me,You_Came_to_Me
347da45ddf874e4ea507c27ca525cd5c,Beach House,Devotion, Gila,Gila
2e24fa8ad9b64f19a90d4299c90b67fd,Beach House,Devotion, Turtle Island,Turtle_Island
d47370852914418fa0e3668d9e4c4ba2,Beach House,Devotion, Holy Dances,Holy_Dances
0f6a69b0ea094618bd59acbfd49c02c0,Beach House,Devotion, All the Years,All_the_Years
461d85c2b4164c909c46eaed0ce914d4,Beach House,Devotion, Heart of Chambers,Heart_of_Chambers
9b27b574cd074bd8974ce2aa877a4086,Beach House,Devotion, Some Things Last a Long Time,Some_Things_Last_a_Long_Time
0e75d6e3b8e042edad03bdc52a2e5aae,Beach House,Devotion, Astronaut,Astronaut
27bbb6840776414bac31d63fdb492652,Beach House,Devotion, D.A.R.L.I.N.G,DARLING
0333b73429ba4e649c75fc67925ca285,Beach House,Devotion, Home Again,Home_Again
2a4d1e163ce146adaf768905cb4d4c4b,Beach House,Teen Dream, Silver Soul,Silver_Soul
28214fdeaa0145e2b7e8de1fe5b1599b,Beach House,Teen Dream, Norway,Norway
f658af5d72464538956d5ab1abacc635,Beach House,Teen Dream, Walk In The Park,Walk_In_The_Park
70b76e5396c34129acaaf01c1a9405ba,Beach House,Teen Dream, Used To Be,Used_To_Be
1db65e79164541a3833a25bc1a0df3cf,Beach House,Teen Dream, Lover Of Mine,Lover_Of_Mine
3b87ce093c8c42d192901c0290ed992d,Beach House,Teen Dream, Better Times,Better_Times
4c8480e9520442939f1db6e899ffebe8,Beach House,Teen Dream, 10 Mile Stereo,10_Mile_Stereo
aceaf49ac70a49748c505843a85dc0f7,Beach House,Teen Dream, Real Love,Real_Love
2e84b2dd4ad948be93dd59f4f37e8172,Beach House,Teen Dream, Take Care,Take_Care
76949ac1bfb140429ac871c696c4a963,Beach House,Teen Dream,Zebra,Zebra
faf21803367f4aeda3366131c15971fd,Big Star,No1 Record - Radio City, Feel,Feel
43211175d5164ed9854a0abec6398400,Big Star,No1 Record - Radio City, The Ballad Of El Goodo,The_Ballad_Of_El_Goodo
04ff0ae8f6f540d7aab97b6071b4e11f,Big Star,No1 Record - Radio City, In The Street,In_The_Street
a0d90d90f13042e1bd3cb7f442a237e5,Big Star,No1 Record - Radio City, Thirteen,Thirteen
9e0bc01c93974fbab7ed3791efe8c1c8,Big Star,No1 Record - Radio City, Don't Lie To Me,Don't_Lie_To_Me
3ec436c03698460595d1cc45f270f672,Big Star,No1 Record - Radio City, The India Song,The_India_Song
9a22fa3d7e2a4138b3c9dddf7c8fba64,Big Star,No1 Record - Radio City, When My Baby's Beside Me,When_My_Baby's_Beside_Me
c59c6c89bb9d4b8aa048f2d616942659,Big Star,No1 Record - Radio City, My Life Is Right,My_Life_Is_Right
e7f9c7b45c2d4b5e9a93b2070f70b94d,Big Star,No1 Record - Radio City, Give Me Another Chance,Give_Me_Another_Chance
799ba460410e499f89e028a5d53d173a,Big Star,No1 Record - Radio City, Try Again,Try_Again
c7e563db0434406796a57334981133cd,Big Star,No1 Record - Radio City, Watch The Sunrise,Watch_The_Sunrise
428204f1e77147ddad6dff57b65ba123,Big Star,No1 Record - Radio City, St 100 6,St_100_6
a6897e848c7c4259933180480400e434,Big Star,No1 Record - Radio City, O My Soul,O_My_Soul
94f763750d6e47cbb4c166e069f7846a,Big Star,No1 Record - Radio City, Life Is White,Life_Is_White
0f6b3deca8ba4f5aa16422e4e87de11d,Big Star,No1 Record - Radio City, Way Out West,Way_Out_West
e38ff914bc77406b894ceb93ee32173d,Big Star,No1 Record - Radio City, What's Going Ahn,What's_Going_Ahn
af0aed272f3e484593da5e9673326833,Big Star,No1 Record - Radio City, You Get What You Deserve,You_Get_What_You_Deserve
a8346abf6cb6499486358ebadf882559,Big Star,No1 Record - Radio City, Mod Lang,Mod_Lang
b0cade47794e4b9cb77ef2dcd2ae17b9,Big Star,No1 Record - Radio City, Back Of A Car,Back_Of_A_Car
df78e4272075470290414f9b4924c499,Big Star,No1 Record - Radio City, Daisy Glaze,Daisy_Glaze
6a6af88019b947d7b373b38f3e7f6098,Big Star,No1 Record - Radio City, She's A Mover,She's_A_Mover
19f24fb07c17413b90e9079e8f502c77,Big Star,No1 Record - Radio City, September Gurls,September_Gurls
9a438684061d49b6abc063b9a67a3bdc,Big Star,No1 Record - Radio City, Morpha Too,Morpha_Too
19174d91d06146ab943db51b88d22bc6,Big Star,No1 Record - Radio City, I'm In Love With A Girl,I'm_In_Love_With_A_Girl
e11fec5bfffc422e963ec5b6bf58e4c0,bitcrush,One Five Zero,-03 what would hope be without disappointment,what_would_hope_be_without_disappointment
7583ae6a9c1c45ae9b4b651994b8b4f9,bitcrush,One Five Zero,-10 in distance (keef baker remix),in_distance_keef_baker_remix
56bca4dafae3471b921933a0c53f0dd6,Blind Pilot,3 Rounds and a Sound, Oviedo,Oviedo
b72a31bee6a244849971f38385463950,Blind Pilot,3 Rounds and a Sound, Paint or Pollen,Paint_or_Pollen
3c1daea151bf40ecb04d775dfb027429,Blind Pilot,3 Rounds and a Sound, Poor Boy,Poor_Boy
4479d71c6d1941118b97d3ebd7c4ef11,Blind Pilot,3 Rounds and a Sound, One Red Thread,One_Red_Thread
b3d2f94cfae54bd897bd86a77cdd5763,Blind Pilot,3 Rounds and a Sound, Go On, Say It,Go_On_Say_It
4d23e229b6b3483498527838c1896b74,Blind Pilot,3 Rounds and a Sound, I Buried a Bone,I_Buried_a_Bone
1354823bbab54f66901e94a7dee31bd6,Blind Pilot,3 Rounds and a Sound,-09 Things I Cannot Recall,Things_I_Cannot_Recall
5ded623171df47439b39651d4e454228,Blind Pilot,3 Rounds and a Sound, The Bitter End,The_Bitter_End
b314bcfd4c294d3d828408f9deb8505d,Blind Pilot,3 Rounds and a Sound, 3 Rounds and a Sound,_Rounds_and_a_Sound
84053b73750549bda027c3e2a7058b56,Blockhead,PLM 2010 Fall Tour Opening Act Compilation, Farewell Spaceman,Farewell_Spaceman
ab00469e44c94b50aa89b26e99a84d5f,Blue Scholars,Unknown Album,Ordinary Guys,Ordinary_Guys
b21d0cf75e8f44db9b1105bf7a24ca32,Boston,Boston_ Greatest Hits,Rock & Roll Band,Rock_&_Roll_Band
9aa974051c5947a3a695ed80bd1b2c20,Boston,Don't Look Back,Don't Look Back,Don't_Look_Back
1118e7ceb9f04f7ab3ee4c2335126c23,Bright Eyes,I'm Wide Awake It's Morning,At the Bottom of Everything,At_the_Bottom_of_Everything
c171bb908ab243cfb49f59413f8da12b,Bright Eyes,The People's Key, Firewall,Firewall
be2964d9d2f449228c1287ca77c41cb9,Bright Eyes,The People's Key, Jejune Stars,Jejune_Stars
a5fafbe9c7a745c3b517961ee1d4cdd7,Bright Eyes,The People's Key, Approximate Sunlight,Approximate_Sunlight
96cf06257bac4da1a64b9af18d5bea13,Bright Eyes,The People's Key, Haile Selassie,Haile_Selassie
bc13951ac0b541529eeda6addaf0c20e,Bright Eyes,The People's Key, A Machine Spiritual (In the People's Key),A_Machine_Spiritual_In_the_People's_Key
913b879987f34dc6b6211e8a85714833,Bright Eyes,The People's Key, Triple Spiral,Triple_Spiral
f68df42745324b56b43f0c538d5ba5da,Bright Eyes,The People's Key, Beginner's Mind,Beginner's_Mind
33332e7ecff8402984e9cd58280daef3,Bright Eyes,The People's Key, Ladder Song,Ladder_Song
41713991055941c2a03d133a68b5d038,Bright Eyes,The People's Key, One for You, One for Me,One_for_You_One_for_Me
e3d5b6ef2a224ff484a85be0c46e990c,Cage The Elephant,Cage The Elephant, James Brown,James_Brown
17c6e143cf764f0c9ed541b83c629a8d,Cage The Elephant,Cage The Elephant, Aint No Rest For The Wicked,Aint_No_Rest_For_The_Wicked
28d44b9a10194a12b13de8b0444c86f7,Cage The Elephant,Cage The Elephant, Tiny Little Robots,Tiny_Little_Robots
00d5b04f9c1a44819bbdd11e0d1e9bc6,Cage The Elephant,Cage The Elephant, Lotus,Lotus
6d9c2131aa0244acbe9ab47bdd84a7e0,Cage The Elephant,Cage The Elephant, Back Against The Wall,Back_Against_The_Wall
73fdbb8038fd4fccb4525a20f3f3a1ec,Cage The Elephant,Cage The Elephant, Judas,Judas
9fb00b087d314796ad2aa56a431fb079,Cage The Elephant,Cage The Elephant, Soil To The Sun,Soil_To_The_Sun
9f73fe4b445345619bcebb7d5346a14f,Cage The Elephant,Cage The Elephant, Free Love,Free_Love
cbae7a9a91fc43f1851848cd91669679,Clive Tanaka y su Orquesta,Unknown Album,Neu Chicago,Neu_Chicago
2a55a2b4a3cf43cea521283fb93e5035,Coconut Records,Nighttiming,Easy Girl,Easy_Girl
a5152f39241944b692133d49463851b0,Coconut Records,Nighttiming,Mama,Mama
064c7915956749e289ba114f8db9cdc8,Coconut Records,Nighttiming,Minding My Own Business,Minding_My_Own_Business
1d6a798387da4f33acd48bb296aa9522,Cold War Kids,Robbers & Cowards, We Used To Vacation,We_Used_To_Vacation
f5ee13753b444d4b81d2487c7083a3b9,Cold War Kids,Robbers & Cowards, Hang Me Up To Dry,Hang_Me_Up_To_Dry
e1899a9222eb4e2bbc56a9fd8762d6f4,Cold War Kids,Robbers & Cowards, Tell Me In The Morning,Tell_Me_In_The_Morning
62da884cfe154db5b4659c0d4f95b12c,Cold War Kids,Robbers & Cowards, Hair Down,Hair_Down
34f3c8dcf09241c682798f31d759d5a9,Cold War Kids,Robbers & Cowards, Passing The Hat,Passing_The_Hat
921f3c9b433d4266a0ac6ba336464e30,Cold War Kids,Robbers & Cowards, Saint John,Saint_John
6ee270baa2244beeabcace6c1f7c1cfa,Cold War Kids,Robbers & Cowards, Robbers,Robbers
2620b708f6384a338230e40502abea77,Cold War Kids,Robbers & Cowards, Hospital Beds,Hospital_Beds
e351d1bb42e24749a991f81d2d7301a6,Cold War Kids,Robbers & Cowards, Pregnant,Pregnant
d2727283a3f24e5dbf79d70308da3d35,Cold War Kids,Robbers & Cowards, Red Wine, Success!,Red_Wine_Success!
5f50e9a92e2d481e8fc33152c31a52c1,Cold War Kids,Robbers & Cowards, God, Make Up Your Mind,God_Make_Up_Your_Mind
07eb8405b4284396bf95c80641b5ce81,Cold War Kids,Robbers & Cowards, Rubidoux,Rubidoux
425549ba88544306b172af2a7f8f03c4,Compilations,Man On The Moon II_ The Legend Of Mr. Rager, Scott Mescudi Vs. The World,Scott_Mescudi_Vs_The_World
3fbfe893c6754f3fa3c4d59dd0e12cb0,Compilations,Man On The Moon II_ The Legend Of Mr. Rager, REVOFEV,REVOFEV
3c14fe3777014e96bfb7a44ac9727709,Compilations,Man On The Moon II_ The Legend Of Mr. Rager, Don't Play This Song,Don't_Play_This_Song
a18012efe658418482c64e61f988b678,Compilations,Man On The Moon II_ The Legend Of Mr. Rager, We Aite (Wake Your Mind Up),We_Aite_Wake_Your_Mind_U
5644e01c059a40b89eb70984cbed54af,Compilations,Man On The Moon II_ The Legend Of Mr. Rager, Marijuana,Marijuana
ecb5211557b24e1b9924ffd6ceca55a0,Compilations,Man On The Moon II_ The Legend Of Mr. Rager, Mojo So Dope,Mojo_So_Dope
643ff0fabdad483a8a71bb446703785b,Compilations,Man On The Moon II_ The Legend Of Mr. Rager, Erase Me,Erase_Me
3157d480081941198bbd68022b3da25b,Compilations,Man On The Moon II_ The Legend Of Mr. Rager, Wild'n Cuz I'm Young,Wild'n_Cuz_I'm_Young
ebcb591857234f67819964c6b70c4ee3,Compilations,Man On The Moon II_ The Legend Of Mr. Rager, The Mood,The_Mood
6960b5aad30b41bea90072e286775a3a,Compilations,Man On The Moon II_ The Legend Of Mr. Rager, MANIAC,MANIAC
849ca79632c244c5bc5c6991cefddeee,Compilations,Man On The Moon II_ The Legend Of Mr. Rager, Mr. Rager,Mr_Rager
8e84403ec8644ab4800a489519c3ddb8,Compilations,Man On The Moon II_ The Legend Of Mr. Rager, These Worries,These_Worries
f335bd086a7e4067b4f12c5552551f0e,Compilations,Man On The Moon II_ The Legend Of Mr. Rager, The End,The_End
6faf293bd1bf48b994f09907d32032c9,Compilations,Man On The Moon II_ The Legend Of Mr. Rager, All Along,All_Along
50afc0b40def43e98983b4be373ebfa4,Compilations,Man On The Moon II_ The Legend Of Mr. Rager, GHOST!,GHOST!
f5e245101a2546db80fbc5fc076f74b2,Compilations,Man On The Moon II_ The Legend Of Mr. Rager, Trapped In My Mind,Trapped_In_My_Mind
019172506aeb4218a57b69acbb126f7e,Compilations,Quiet is the New Loud,Winning A Battle, Losing A War,Winning_A_Battle_Losing_A_War
d69f436c0b6d4876a3eb2cbbc5935138,Compilations,Ratatat Remixes Mixtape Volume 2, Sto,Sto
93505829c6ad4c7e8c886e1c9ab9ae03,Compilations,Scharfy's Indie Mixtape May 2009, Pulling on a Line,Pulling_on_a_Line
f10ca2d557ec474db329696491044923,Compilations,Scharfy's Indie Mixtape May 2009,-21 Kiss me Again,Kiss_me_Again
1c14e7be7aa241b18cf9c5e8ce652283,Compilations,Scharfy's Indie Mixtape May 2009,-48 Last Time Around,Last_Time_Around
d885ae958e3540928f49b94cf40505ab,Compilations,Scharfy's Indie Mixtape May 2009,-59 Well, Whatever,Well_Whatever
f1a8753d183c48e99326df0aa04322ae,Compilations,Scharfy's Indie Mixtape May 2009,-69 Charlie Darwin,Charlie_Darwin
96375b0b251642c99184c8e9cc355d72,Compilations,Scharfy's Indie Mixtape May 2009,-71 Lalita,Lalita
98255560105d4dc69de9715a050f666f,Compilations,Scharfy's Indie Mixtape May 2009,-80 Osaka Loop Line,Osaka_Loop_Line
8f1c4dd832a54900b7cbf510ece0abf3,Compilations,Scharfy's Indie Mixtape May 2009,-88 gotta cheer u,gotta_cheer_u
e1c6e4241eff4fddaf80d1730c8405c7,Compilations,Scharfy's Indie Mixtape May 2009,-89 I Want You To Know,I_Want_You_To_Know
a5372c44ef1246c6ae36fe8665c110ad,Compilations,Scharfy's Indie Mixtape May 2009, Spritle,Spritle
818f8a2636a249da9113bf6dd8345ee0,Compilations,The Shepherd's Dog,Flightless Bird, American Mouth,Flightless_Bird_American_Mouth
cfeb74beed7a4bc18a7bab48fa495960,CunningLynguists,Unknown Album,Dance For Me,Dance_For_Me
0615a249787b494584fc6b1ee527d670,Cyne,Evolution Fight,-02 SoapBox,SoapBox
2e10f53dbc754d93a9d4b07e9cd4144c,damiak,One Five Zero,-05 field lights,field_lights
1da65c6ab6864d78ae69ee24b2d32164,David Guetta Feat. Kid Cudi,Unknown Album,Memories,Memories
3434a5e0afe54d468ab806e980c0a78b,Deerhunter,Halcyon Digest,-01 Earthquake,Earthquake
c28499a6bdf244109f7ae6e977a2e742,Deerhunter,Halcyon Digest,-02 Don't Cry,Don't_Cry
7f6a59eedd2d4045ac626e8b8591f2db,Deerhunter,Halcyon Digest,-04 Sailing,Sailing
d72bf9b1d70d4cf0852e7fbdffd792e7,Deerhunter,Halcyon Digest,-05 Memory Boy,Memory_Boy
f4747cf8dbab4faf9fb9b7f77188073a,Deerhunter,Halcyon Digest,-06 Desire Lines,Desire_Lines
266405aa6639495f92503d083b33068a,Deerhunter,Halcyon Digest,-11 He Would Have Laughed,He_Would_Have_Laughed
4fdba1fc15cf4b349bcb21410e4c7551,Dire Straits,Private Investigations_ The Best of Dire Straits & Mark Knopfler,Sultans Of Swing,Sultans_Of_Swing
40c3b22c10aa43989ccbd2f67120374a,Dub Pistols,Unknown Album,speed of light,speed_of_light
6ceafeb5905443cea356d92bafeafe0b,El Ten Eleven,Every Direction Is North,-04 Estrella,Estrella
2ffff83815464489ab1d4d6793779b3a,El Ten Eleven,Every Direction Is North,-05 Music for Staring At Ceilings,Music_for_Staring_At_Ceilings
2064457b9cf44f3da0ecc4800ee064fa,El Ten Eleven,Every Direction Is North,-06 Kee,Kee
5bda7930f087459883ca5ba74daf5c5f,El Ten Eleven,Every Direction Is North,-07 Dax Pierson,Dax_Pierson
3e9f6dce36e649fba11e7e3268d5a5d9,El Ten Eleven,Every Direction Is North,-08 Living On Credit Blues,Living_On_Credit_Blues
d69e15cf829b4947a245473e9d0c8b1e,El Ten Eleven,Every Direction Is North,-10 Bye Annie, Bye Joe, Bye Michael, Bye Jake,Bye_Annie_Bye_Joe_Bye_Michael_Bye_Jake
f4fd4d3689c74a3cadfd53e923a376a6,Eliot Lipp,PLM 2010 Fall Tour Opening Act Compilation,-07 Sand Castle,Sand_Castle
4e39721c66db493696b6a388ae51c404,Elliott Smith,Either_Or, Speed Trials,Speed_Trials
e555b743d8a343529e534c760c6d9f2b,Elliott Smith,Either_Or, Alameda,Alameda
504c340fb0ae4e25a23d79c541dcd369,Elliott Smith,Either_Or, Ballad Of Big Nothing,Ballad_Of_Big_Nothing
5ff464aac1604f0e9ab5b57b33658f94,Elliott Smith,Either_Or, Between The Bars,Between_The_Bars
3b3b5015b64e4158815bd972b90a2a24,Elliott Smith,Either_Or, Pictures Of Me,Pictures_Of_Me
d13f0851afdd4f849552faf4d64f74ae,Elliott Smith,Either_Or, No Name No. 5,No_Name_No_5
2aaa345d136c43b1b3b47a76a9af4146,Elliott Smith,Either_Or, Rose Parade,Rose_Parade
6a9ba65fd639427995c10c6892444925,Elliott Smith,Either_Or, Punch And Judy,Punch_And_Judy
3d38b146315a45c19a8bc7fda1993e60,Elliott Smith,Either_Or, Cupid's Trick,Cupid's_Trick
96485aaee0984dd78390cae90f153464,Elliott Smith,Either_Or, 2_45 a,2_45_a
4932c53fda4641268e7b8a39fc625aa0,Elliott Smith,Either_Or, Say Yes,Say_Yes
802f67f99f67483ea8020a386901e9af,Elliott Smith,Elliott Smith,-01 Needle In The Hay,Needle_In_The_Hay
0c7a33aaf22e4c30b53593f43d8428df,Elliott Smith,Elliott Smith,-02 Christian Brothers,Christian_Brothers
566631d5a6da457093537bcd097b016e,Elliott Smith,Roman Candle, Roman Candle,Roman_Candle
acbb37114f7e45bebb048070cc9f7a6f,Elliott Smith,Roman Candle, Condor Ave,Condor_Ave
697949f0823547c198ca79b5432ad031,Elliott Smith,Roman Candle, No Name #1,No_Name_#1
7153510bf2c84bca83a0a6511c177e6e,Elliott Smith,Roman Candle, No Name #2,No_Name_#2
d931b98f09514217a811e8091e588a05,Elliott Smith,Roman Candle, No Name #,No_Name_#
9e826d5a17c343b1a0cf703f91b5663f,Elliott Smith,Roman Candle, Drive All over Town,Drive_All_over_Town
30f19b08d76b4044af6cb7aa3a4f268c,Elliott Smith,Roman Candle, No Name #4,No_Name_#4
80de5b8ad457452ba1893d5d5f5ff1bb,Elliott Smith,Roman Candle, Last Call,Last_Call
c76ff33bc7464779941237f0e4c12f49,Elliott Smith,Roman Candle, Kiwi Maddog 20-20,Kiwi_Maddog_2020
2f30d476b14a4a71b625ec01391fa8ab,Elliott Smith,XO, Sweet Adeline,Sweet_Adeline
7e0f1bd4f6ef411a94429b4698caa9d5,Embryon,Unknown Album,Fallout,Fallout
fbb93ef999d84281b943b0982efe29c1,Eric Prydz,Call On Me - EP,Call On Me,Call_On_Me
4a286e8d4cfb4ba78c64734b2bd52786,Evenings,Unknown Album,Goodbye Forever,Goodbye_Forever
0e41448aec994571b1318e0db102f88a,Fleet Foxes,Fleet Foxes, Sun It Rises,Sun_It_Rises
13f6beb96cfa46678ea8916438ece367,Fleet Foxes,Fleet Foxes, White Winter Hymnal,White_Winter_Hymnal
162ea0377ac34764826cf8de4682f4b1,Fleet Foxes,Fleet Foxes, Ragged Wood,Ragged_Wood
3eaeeee83f9448b194ab8abb7478317a,Fleet Foxes,Fleet Foxes, Quiet Houses,Quiet_Houses
73be78773a86475f82e8970778c5ef7a,Fleet Foxes,Fleet Foxes, Heard Them Stirring,Heard_Them_Stirring
513df4fa24e94e73ab67f987e39afe36,Fleet Foxes,Fleet Foxes, Your Protector,Your_Protector
ddd783d09136467bb7a030d5ab5b16ba,Fleet Foxes,Fleet Foxes, Meadowlarks,Meadowlarks
794fe35b26974ea0a8e01b85db0ee431,Fleet Foxes,Fleet Foxes,-06 He Doesn't Know Why,He_Doesn't_Know_Why
dc2018efcc3f4afe82754988a0881c8e,Fleet Foxes,Fleet Foxes, Blue Ridge Mountains,Blue_Ridge_Mountains
4ed0cedb3e024288b319d6026a14e964,Fleet Foxes,Fleet Foxes, Oliver James,Oliver_James
3d440443132e42d89e748c41368b468c,Fleet Foxes,Helplessness Blues,-01 Montezuma,Montezuma
6c558e2a99c04b37b9813cb06e0e16a6,Fleet Foxes,Helplessness Blues,-04 Battery Kinzie,Battery_Kinzie
a1bde3bff289400e8ee4f56591700368,Fleet Foxes,Helplessness Blues,-07 The Cascades,The_Cascades
e7e1e40ebe974201bdd05cb50265a50f,Fleet Foxes,Helplessness Blues,-08 Lorelai,Lorelai
38f9a1c98ede4d81bef3b06ad6bd88fa,Fleet Foxes,Helplessness Blues,-09 Someone You'd Admire,Someone_You'd_Admire
5308fe4fcf6848b38b50b24f3d66b994,Fleet Foxes,Helplessness Blues,-12 Grown Ocean,Grown_Ocean
e7846921364b4005bf620c32f74a5149,Freelance Whales,Weathervanes, Generator ^ First Floor,Generator_^_First_Floor
184cabd3d9484a6791f652f6749420bb,Freelance Whales,Weathervanes, Hannah,Hannah
fab1ed6c8489433f8230d3c515fb4df8,Freelance Whales,Weathervanes, Location,Location
894021a01e50495289bdf3c3d04ffd87,Freelance Whales,Weathervanes, Starring,Starring
3fa8b6c0b61f4fe9a33ea64dfc2c12db,Freelance Whales,Weathervanes, Broken Horse,Broken_Horse
8417d5f039744b4b8d0ee4eebb25552e,Freelance Whales,Weathervanes, Ghosting,Ghosting
f4c64ca725394c5ba27177d28d87524d,Freelance Whales,Weathervanes,-06 Kilojoules,Kilojoules
b1752d02a4d44390a0a3f8c0ef49c61d,Freelance Whales,Weathervanes,-08 Danse Flat,Danse_Flat
b3c929e3f095426cbf3b674b4b92de04,Freelance Whales,Weathervanes,-13 The Great Estates,The_Great_Estates
e99320bf96404a8c9237db260b1736db,Freelance Whales,Weathervanes, We Could Be Friends,We_Could_Be_Friends
e84560b5155346d78b8527bb77d559a1,Freelance Whales,Weathervanes, Vessels,Vessels
5fccee725e034d4f8d92ac66db52f2f2,Freelance Whales,Weathervanes, Generator ^ Second Floor,Generator_^_Second_Floor
8d8aa12302bc45e3a577fe8ba68f3ede,funckarma,One Five Zero,-04 skaind,skaind
718991de0d5140f396f175795962e636,Gramatick,PLM 2010 Fall Tour Opening Act Compilation,-02 Day Of The So Called Glory,Day_Of_The_So_Called_Glory
413b8ab6bcb940f58b4c20bef6a22a80,Hawthorne Heights,The Silence in Black And White, Ohio Is For Lovers,Ohio_Is_For_Lovers
78311dff3d234180a5c125f57e6e98cc,Heatmiser,Cop And Speeder, Disappearing Ink,Disappearing_Ink
13923f5551d043a3a5d4bbe7007fe71f,Heatmiser,Cop And Speeder, Bastard John,Bastard_John
b07dae986a824da2b9ee6fe8fe75d04d,Heatmiser,Cop And Speeder, Flame!,Flame!
0f0ab67557cf4deeb03bd8939c3d03b2,Heatmiser,Cop And Speeder, Temper,Temper
751dd65a3a544e60b8cfcec13bb1782d,Heatmiser,Cop And Speeder, Why Did I Decide to Stay_,Why_Did_I_Decide_to_Stay_
cb577051f1d64e7ab842150dc8a82caa,Heatmiser,Cop And Speeder, Collect to NYC,Collect_to_NYC
24075d90eb35471eb070417af88556e0,Heatmiser,Cop And Speeder, Hitting on the Waiter,Hitting_on_the_Waiter
5882d7c09cc14d6baca563967600734a,Heatmiser,Cop And Speeder, Busted Li,Busted_Li
a196d66a80924444871186889d766df7,Heatmiser,Cop And Speeder, Antonio Carlos Jobi,Antonio_Carlos_Jobi
8dc4e51155774c90a83fe10dd36f1345,Heatmiser,Cop And Speeder, It's Not a Pro,It's_Not_a_Pro
d53d9abbc5fd4c7587795f504e6ff9f8,Heatmiser,Cop And Speeder, Something to Lose,Something_to_Lose
86d1a6396a8941cd91a45dd32620ea1c,Heatmiser,Cop And Speeder, Sleeping Pill,Sleeping_Pill
040d54e5206041bf98c596d877684831,Heatmiser,Cop And Speeder, Trap Door,Trap_Door
b665ffff10fa4f7aba7eff88eb47fc8e,Heatmiser,Cop And Speeder, Nightca,Nightca
19ed1326c8ea499eb53b8d3e55169ec0,Heatmiser,Dead Air, Still,Still
cf56f38339764c90b0afaabd40b6cfc7,Heatmiser,Dead Air, Candyland,Candyland
814d3f5b210048aa9b0b9e5e3c2fe1bf,Heatmiser,Dead Air, Mock-U,MockU
167bdcf07b66410db1d690b7bf87222e,Heatmiser,Dead Air, Dirt,Dirt
a1306fb7901f4926aa2caad7e1434814,Heatmiser,Dead Air, Bottle Rocket,Bottle_Rocket
aead50dbe18045b78a4b6b5d54ff655a,Heatmiser,Dead Air, Blackout,Blackout
567c43f5b0be45a2a9f02da06c761407,Heatmiser,Dead Air, Stray,Stray
b2fc35e488364785a62a980680fe42f3,Heatmiser,Dead Air, Can Be Touched,Can_Be_Touched
fac675b700c34f589402a14d46f49bc8,Heatmiser,Dead Air, Cannibal,Cannibal
848b901e25d14c3a8e682de563089e1d,Heatmiser,Dead Air, Don't Look Down,Don't_Look_Down
27df017f2b944bbba6067d45b7046dfb,Heatmiser,Dead Air, Sands Hotel,Sands_Hotel
095577cc289f44e6b25e9d9d33ac2483,Heatmiser,Dead Air, Lowlife,Lowlife
6704d77ddeee4d2684ad96607a3b028c,Heatmiser,Dead Air, Buick,Buick
2446b79f0c984909a64407fe27cf3bac,Heatmiser,Dead Air, Dead Air,Dead_Air
c4600bfb21e74de39e2ac230a4d28a38,Heatmiser,Mic City Sons, Get Lucky,Get_Lucky
828851fbb83948f3a1b29d321669c31a,Heatmiser,Mic City Sons, Plainclothes Man,Plainclothes_Man
2e16ed639de243f88c46b5755906c7a9,Heatmiser,Mic City Sons, Low-Flying Jets,LowFlying_Jets
bf78d66871a342c8bab0c2f094bb1124,Heatmiser,Mic City Sons, Rest My Head Against The Wall,Rest_My_Head_Against_The_Wall
4c0ce92ae24f411ca730157311e4ce1f,Heatmiser,Mic City Sons, The Fix Is In,The_Fix_Is_In
345438664f204bf9a7ce49f066a099c3,Heatmiser,Mic City Sons, Eagle Eye,Eagle_Eye
cd5999d668e14f9d93a920e89b15a6ac,Heatmiser,Mic City Sons, Cruel Reminder,Cruel_Reminder
57e5a861b41740b2b913205a9d5594a9,Heatmiser,Mic City Sons, You Gotta Move,You_Gotta_Move
45a790e89ea345c590f2e59f2e3c805b,Heatmiser,Mic City Sons, Pop In G,Pop_In_G
e600e0c81e90447aa8d10cc0aa9edf58,Heatmiser,Mic City Sons, Blue Highway,Blue_Highway
cd1f85d63f8d41e6ab756029621dd764,Heatmiser,Mic City Sons, See You Later,See_You_Later
83a18ae3d25442f699c6d73f8dd89dc9,Heatmiser,Mic City Sons, Half Right,Half_Right
3b225568273d4f6c9fa51b5db5840172,Illogic,Unknown Album,Lesson In Love,Lesson_In_Love
9da9fd9778c44d6686dbcaf449c7294c,India Arie,Unknown Album,Strength Courage and Wisdo,Strength_Courage_and_Wisdo
858952d2d03146c4a8789b8237229396,Iron & Wine,Around The Well,-04 Peng!,Peng!
009f608a9b954f25b07c25a5f93164a7,Iron & Wine,I'm Not There (Music From The Motion Picture) [Bonus Track Version],-09 Dark Eyes,Dark_Eyes
4cb893fba5d043409af4a7124f29ac72,Iron & Wine,The Shepherd's Dog,Boy With A Coin,Boy_With_A_Coin
08218a4097944bf8aa35148388bcbc43,Iron & Wine,The Shepherd's Dog,Carousel,Carousel
bc41d1012e8b44fa9b5ad98dde021f57,Iron & Wine,The Shepherd's Dog,House By The Sea,House_By_The_Sea
1e037e6fbb5d4b4fbc93b51154993f94,Iron & Wine,The Shepherd's Dog,Innocent Bones,Innocent_Bones
786ea022ca144820b5d1390bd979b12d,Iron & Wine,The Shepherd's Dog,Lovesong Of The Buzzard,Lovesong_Of_The_Buzzard
346910e0439f4050923ceb0511698d15,Iron & Wine,The Shepherd's Dog,Peace Beneath The City,Peace_Beneath_The_City
3ec1cf1a6f1c4fb0be8e4cb08db99e35,Iron & Wine,The Shepherd's Dog,Resurrection Fern,Resurrection_Fern
964e69f8023c490894bd291dc468a3b9,Iron & Wine,The Shepherd's Dog,The Devil Never Sleeps,The_Devil_Never_Sleeps
8de7f7f5113146fdb645dc228056f422,Iron & Wine,The Shepherd's Dog,White Tooth Man,White_Tooth_Man
baf53d6754bd463d86061423dda3d4a7,Iron & Wine,The Shepherd's Dog,Wolves (Song Of The Shepherd's Dog),Wolves_Song_Of_The_Shepherd's_Dog
f6269a96248c4ecc907bb29f1404aab5,Jack Johnson,To The Sea (Limited Edition), You And Your Heart,You_And_Your_Heart
40e2a8d5d11b4aa99fbc242d73de85b4,Jack Johnson,To The Sea (Limited Edition), My Little Girl,My_Little_Girl
a721cc7b0dc2462aa0b291eb5185681f,Jack Johnson,To The Sea (Limited Edition),-03 At Or With Me,At_Or_With_Me
c323ab78a43944f4a9c656f3b659c39e,Jack Johnson,To The Sea (Limited Edition),-07 The Upsetter,The_Upsetter
0577d9c25ac14d05a98a310421974a23,Jack Johnson,To The Sea (Limited Edition), Red Wine, Mistakes, Mythology,Red_Wine_Mistakes_Mythology
4135d40247c94d1e89d5edf0bef34438,Jack Johnson,To The Sea (Limited Edition), Pictures Of People Taking Pictures,Pictures_Of_People_Taking_Pictures
2da57b811f4746fdb53dc2d66765021a,Jack Johnson,To The Sea (Limited Edition), Anything But The Truth,Anything_But_The_Truth
b1d283b96a294cf2aa7aa842cfc29c8e,Jack Johnson,To The Sea (Limited Edition), Only The Ocean,Only_The_Ocean
d6ae0dcca091417e9755440de403fd85,Jaymay,Long Walk To Never,-02 Long Walk To Never,Long_Walk_To_Never
47484c3a281f49b199042a13d3b50384,Kanye West,Unknown Album,Runaway,Runaway
44752ec405e147378c694a9df9dbdd36,keef baker,One Five Zero,-02 never,never
edeceb7033f74e9a92a1c44ef8912833,Kid Cudi,Man On the Moon - The End of Day (Expanded Version),CuDi Zone,CuDi_Zone
e062e82b6bba49c09f74071de4060323,Kid Cudi,Man On The Moon_ The End Of Day,Alive,Alive
ba12179f421e4f2b85c84522b78316dc,Kid Cudi,Man On The Moon_ The End Of Day,In My Dreams,In_My_Dreams
c938c26a0a634092a779481b30f81f9c,Kid Cudi,Unknown Album,Dat New _New_,Dat_New__New_
9e696cf8623e41caa7f6ab411f3c33da,Kid Cudi,Unknown Album,Heart Of A Lion,Heart_Of_A_Lion
918492f64eb14f1184376b214373c7a0,Kings of Convenience,Quiet Is the New Loud,Failure,Failure
cb211425e8f244579dc8b381f4e7c918,Kings of Convenience,Quiet Is the New Loud,Little Kids,Little_Kids
c0a841471b1d44c29e95a44ce0af88cd,Kings of Convenience,Quiet Is the New Loud,Parallel,Parallel
34741e549f274962ab1e0ad746c61345,Kings of Convenience,Quiet Is the New Loud,Passenger,Passenger
c6ffe4355c3b4f32b5b86466c841d035,Kings of Convenience,Quiet Is the New Loud,The Girl From Back Then,The_Girl_From_Back_Then
585c3d1cae7943c8ac79ddb64fb7bac3,Kings of Convenience,Unknown Album,Leaning,Leaning
79479e4e98a947df8acad7766d00606c,Kings of Convenience,Winning a Battle, Losing the War - Single,Envoy,Envoy
0df59e96e7884273a2c251820f56f761,Kings of Convenience,Winning a Battle, Losing the War - Single,Manhattan Skyline (Bonus),Manhattan_Skyline_Bonus
f7d76734c0f6474285562784b272cc32,Knaan,Troubadour, Wavin' Flag,Wavin'_Flag
917b0f5c16504d3097c866a65c87f8f3,Kraddy Remix,PLM 2010 Fall Tour Opening Act Compilation,-05 Echaskech's The Stor,Echaskech's_The_Stor
e1aad8a0c1404e62a0217b3bc5b0f9ec,Kultiration,Kultiration, Seen and gone,Seen_and_gone
e65776006382447a93677d3d337d9de4,Kultiration,Kultiration, Lejoninna,Lejoninna
f23e83d61c73414a9b4da54882f69320,Kultiration,Kultiration, Seaside,Seaside
2a12284774984df98bb7789a7ab4162b,Kultiration,Kultiration, Constant waterfall,Constant_waterfall
9479b74f29564bed89b15f7b2c2ed302,Kultiration,Kultiration, Mahishasuramardinee stotra,Mahishasuramardinee_stotra
f59090e4cace46cea650d7aa0573f9f6,Kultiration,Kultiration, Agnaye swaahaa,Agnaye_swaahaa
875bcd18cf93410b81d48e8c02e9e41b,Kultiration,Kultiration, Peace of mind,Peace_of_mind
ab57fd6b452b443eb73007ec03f13e2d,Kultiration,Kultiration, Treår,Treår
b6961194ad00408a98eb6a4b2019fe72,Kultiration,Kultiration,-03 Earth songs,Earth_songs
828ee196f0f147ff8dd1186f7bb0bd8a,Kultiration,Kultiration, Armérika,Armérika
ef8a54afa7c9412f89743ff1aa270271,Kultiration,Kultiration, Mörk är natten innan gryning,Mörk_är_natten_innan_gryning
6d292aab33824994b17f87bb6a375370,Kurt Vile,Ghost Town - Single,Ghost Town,Ghost_Town
3f8bb63c3c1b4e89ba365fbf65fb3b08,last days,One Five Zero,-07 points bridge,oints_bridge
eff8c0ca23424de98c7a7424464b77c4,last days,One Five Zero,-11 the norwegian sea (arc lab mix),the_norwegian_sea_arc_lab_mix
55b9c91bbfa14400a484f918535ccb6f,LazerDisk Party Sex,Unknown Album,Lemonade is Still Popular,Lemonade_is_Still_Popular
36a78e2b27cb4059b86b12fc85e237f6,Led Zepplin,Unknown Album,Babe Im Gonna Leave You,Babe_Im_Gonna_Leave_You
03eb2b0f337e473d888169f4533b4b24,Leonard Cohen,Songs from the Road, Lover, Lover, Lover,Lover_Lover_Lover
d41f8189316249a9a9875aad98eda008,Leonard Cohen,Songs from the Road, Bird on the Wire,Bird_on_the_Wire
04a25450ba4e4c5798d6885445234678,Leonard Cohen,Songs from the Road, Chelsea Hotel,Chelsea_Hotel
e46d4890aa734ffea09a557235270610,Leonard Cohen,Songs from the Road, Heart With No Companion,Heart_With_No_Companion
39656e5d9cef4291abf491f2c5eb0f4f,Leonard Cohen,Songs from the Road, That Don't Make it Junk,That_Don't_Make_it_Junk
03c6f3bb1da248b4a56f582778efc219,Leonard Cohen,Songs from the Road, Waiting for the Miracle,Waiting_for_the_Miracle
c18abea5a60344fea2b4448d99cded98,Leonard Cohen,Songs from the Road, Avalanche,Avalanche
b39b093e3cdc405ab499c9fd14a4592b,Leonard Cohen,Songs from the Road, Suzanne,Suzanne
0f32bebd4be346029de9bfc1aa536716,Leonard Cohen,Songs from the Road,-09 The Partisan,The_Partisan
4c8fb7b0ae09414b8d034052984304fb,Leonard Cohen,Songs from the Road, Famous Blue Raincoat,Famous_Blue_Raincoat
2f2193221e574fa5bfa29f07e0d3d452,Leonard Cohen,Songs from the Road, Hallelujah,Hallelujah
cf4d024c1a6b4fff9270777908245c06,Leonard Cohen,Songs from the Road, Closing Time,Closing_Time
da6275c050c94ee2bebb3e00aca36f0b,lights out asia,One Five Zero,-04 psiu! puxa!,siu!_puxa!
0a8a4b5762124c61807385cc00c153ee,Little People,Mickey Mouse Operation, Basique,Basique
bbc2e7fe50c44f19b6b14137701a53fa,Little People,Mickey Mouse Operation,-02 Moon,Moon
f955d75cb60f48728a252d7064fe0dab,Little People,Mickey Mouse Operation,-06 Breathe Again (feat. Rachael Roberts),Breathe_Again_feat_Rachael_Roberts
e78336ecfc424c5fbb35c2cf3e6e4949,Little People,Mickey Mouse Operation,-08 Idio,Idio
81b31d26b2084f7aabae7f8f3794e295,Little People,Mickey Mouse Operation,-10 Last Fare,Last_Fare
07fbfdcf9aa642bca9891fe7b3c98fa5,Living Legends,The Gathering,She Wants Me,She_Wants_Me
8322970cf3a4480e874a6052c2fca3cc,Local Natives,Gorilla Manor, Wide Eyes,Wide_Eyes
81f2e3dc2cd24229ab474ee4723311b1,Local Natives,Gorilla Manor, Airplanes,Airplanes
a523edfc441b46f494332a8a035aff05,Local Natives,Gorilla Manor, Sun Hands,Sun_Hands
b234e31cd93040ccad364d748370933e,Local Natives,Gorilla Manor, World News,World_News
ad7fac9420784efe8e671f732834a071,Local Natives,Gorilla Manor, Shape Shifter,Shape_Shifter
c32090d43b9b4d86836dceb34d19f24b,Local Natives,Gorilla Manor, Camera Talk,Camera_Talk
285f76b0508f4915925b97750dff5076,Local Natives,Gorilla Manor, Cards and Quarters,Cards_and_Quarters
cafe656ea517490089f83d8f2d92bd55,Local Natives,Gorilla Manor, Warning Sign,Warning_Sign
52874a4be77b4a9787df6369ace47931,Local Natives,Gorilla Manor, Who Knows Who Cares,Who_Knows_Who_Cares
1c0a13077a1d4a64a0a8a2514385cdfa,Local Natives,Gorilla Manor,-10 Cubism Drea,Cubism_Drea
a7863da25c78475a8058f653281cf864,Local Natives,Gorilla Manor, Stranger Things,Stranger_Things
163ad44d77f14a4d815e183ad72d48ee,Local Natives,Gorilla Manor, Sticky Thread,Sticky_Thread
8cc775694d714c32bb14726ae5e17c1e,loess,One Five Zero,-09 talus (tobias lilja remix),talus_tobias_lilja_remix
364e02a972ab497996cd14d6bdcbb591,Mattafix,Signs Of A Struggle, Gangster Blues,Gangster_Blues
bed616600ee745e9953cbd699e4edcf0,Mattafix,Signs Of A Struggle, Passer By,Passer_By
b4c41c72ab3b45428b9c0e6451da9f0d,Mattafix,Signs Of A Struggle, To & Fro,To_&_Fro
de355814c48843d6a7280ee33d48d371,Mattafix,Signs Of A Struggle, Everyone Around You,Everyone_Around_You
27f680a6aa2643c6870e54ceb4af4e9e,Mattafix,Signs Of A Struggle, Clear And Present Danger,Clear_And_Present_Danger
32a290f91f0f40b7aa34d10f9ddecb45,Mattafix,Signs Of A Struggle, Older,Older
9384d692431447648ddec28bed45900a,Mattafix,Signs Of A Struggle, I To You,I_To_You
ce3da5e9928e4e02a8101827197d0af3,Mattafix,Signs Of A Struggle, Impartial,Impartial
f2aa4a05547e4e31a6632112a71bb602,Mattafix,Signs Of A Struggle, The Means,The_Means
f573a13bd5824cc5b7400f00e161e2ec,Mattafix,Signs Of A Struggle, 1130,1130
fe9ff75b973449f28db13c81a4c86318,Mattafix,Signs Of A Struggle, Forgotten,Forgotten
9ac08edcdbf74ff8b1a5a5ed3d0b4b17,Mattafix,Signs Of A Struggle, 555,555
0a18d6097b044338a822c7d38de268ee,Mattafix,Signs Of A Struggle, Cool Down The Place,Cool_Down_The_Place
82aff44f049c4ff38b87fcc298651b02,MGMT,Oracular Spectacular,Time To Pretend (High Contrast Remix),Time_To_Pretend_High_Contrast_Remix
9074aebc193b4b2d87646ded60b41af9,Minus The Bear,Planet of Ice, Ice Monster,Ice_Monster
5e76bdc9bfb04728bb4b2f8b5302fb7b,Minus The Bear,Planet of Ice, Knights,Knights
5a99f26e782443a0b54193828a56e849,Minus The Bear,Planet of Ice, White Mystery,White_Mystery
c6c5899a9d454426826c6912ac6a288e,Minus The Bear,Planet of Ice, Dr. L'Ling,Dr_L'Ling
12def5f06d4644e2b1ee497e7c71b3c7,Minus The Bear,Planet of Ice, Part 2,Part_2
7499bfd66a624631aefebd723d5dcf8e,Minus The Bear,Planet of Ice, Double Vision Quest,Double_Vision_Quest
ebc47325717246fa976246c452415a33,My Bloody Valentine,mbv,-01 she found now,she_found_now
a1654f035b1241a2bc4c6c1a950582b2,My Bloody Valentine,mbv,-02 only tomorrow,only_tomorrow
be4dff45f25e4300bb72eec45fb19ff8,My Bloody Valentine,mbv,-03 who sees you,who_sees_you
2d1551e1ce844695b76dd29f891c2030,My Bloody Valentine,mbv,-04 is this and yes,is_this_and_yes
c84b3154f0344df497da6f4649946a27,My Bloody Valentine,mbv,-05 if i a,if_i_a
ab506e64c69741109dee5b89bcec86c1,My Bloody Valentine,mbv,-06 new you,new_you
5d1576c0ba23426b9ff2ce5537392639,My Bloody Valentine,mbv,-07 in another way,in_another_way
ae0ad403a7254f49ba46a5f2bccee85d,My Bloody Valentine,mbv,-08 nothing is,nothing_is
74a756d21d7d4e7599db8c6f333a2913,My Bloody Valentine,mbv,-09 wonder 2,wonder_2
cc296725cc874718bd3941bea9acedaf,Pavement,Brighten the Corners_ Nicene Creedence Edition [Disc 1], Stereo,Stereo
f6f47bf15f2648b8a751cf7a2b78aedf,Pavement,Brighten the Corners_ Nicene Creedence Edition [Disc 1], Shady Lane_J vs. S,Shady_Lane_J_vs_S
24251e80851f4101886fc54c6665c332,Pavement,Brighten the Corners_ Nicene Creedence Edition [Disc 1], Transport Is Arranged,Transport_Is_Arranged
39d814a6e5fb4fafaf1254f6aec67222,Pavement,Brighten the Corners_ Nicene Creedence Edition [Disc 1], Date w_Ikea,Date_w_Ikea
519b59e2db704197ac908f8b81ce9795,Pavement,Brighten the Corners_ Nicene Creedence Edition [Disc 1], Old to Begin,Old_to_Begin
9b48d6bf2bc04554a2b344bbfe260d8c,Pavement,Brighten the Corners_ Nicene Creedence Edition [Disc 1], Type Slowly,Type_Slowly
86f2c9fa933f43bd9efe64759ba6fa25,Pavement,Brighten the Corners_ Nicene Creedence Edition [Disc 1], Embassy Row,Embassy_Row
8946d116b8ac4e04ba028ff8b2383514,Pavement,Brighten the Corners_ Nicene Creedence Edition [Disc 1], Blue Hawaiian,Blue_Hawaiian
3c3a4abd1b7142a8a5f1ef99d3ab4197,Pavement,Brighten the Corners_ Nicene Creedence Edition [Disc 1], We Are Underused,We_Are_Underused
f3fd266aee234784b29e0602eb6fbb6a,Pavement,Brighten the Corners_ Nicene Creedence Edition [Disc 1], Passat Drea,Passat_Drea
670713533d264abf98aad2335947b413,Pavement,Brighten the Corners_ Nicene Creedence Edition [Disc 1], Starlings of the Slipstrea,Starlings_of_the_Slipstrea
7d2533c46e8b48a0b70eedabecd3abd1,Pavement,Brighten the Corners_ Nicene Creedence Edition [Disc 1], Fin,Fin
4ec9da88263b4b6694b4c6a2159d6b1b,Pavement,Brighten the Corners_ Nicene Creedence Edition [Disc 1], And Then (The Hexx),And_Then_The_Hexx
6fa4f590fa0248fbab8eca58729f7d9c,Pavement,Brighten the Corners_ Nicene Creedence Edition [Disc 1], Beautiful as a Butterfly,Beautiful_as_a_Butterfly
5a41d99ec49441e68f1ceb4ad4e7fe4b,Pavement,Brighten the Corners_ Nicene Creedence Edition [Disc 1], Cataracts,Cataracts
fff93785f9404ee090f1737252f4331a,Pavement,Brighten the Corners_ Nicene Creedence Edition [Disc 1], Westie Can Dru,Westie_Can_Dru
4cbbe3bd946b412c92b0240d796e5249,Pavement,Brighten the Corners_ Nicene Creedence Edition [Disc 1], Winner of The,Winner_of_The
6c1bc0035f124cb2a6f2d9eaf78bb424,Pavement,Brighten the Corners_ Nicene Creedence Edition [Disc 1], Birds in the Majic Industry,Birds_in_the_Majic_Industry
c451dd6226e9416b9dc4b8182ec6a88a,Pavement,Brighten the Corners_ Nicene Creedence Edition [Disc 1], Harness Your Hopes,Harness_Your_Hopes
fb9e0204842043bba70ef78cf5af1811,Pavement,Brighten the Corners_ Nicene Creedence Edition [Disc 1], Roll with the Wind,Roll_with_the_Wind
eb52b96c8815414d9072262f9103b765,Pavement,Brighten the Corners_ Nicene Creedence Edition [Disc 2], Slowly Typed,Slowly_Typed
3b8acdb628f549359bc5246863a65b45,Pavement,Brighten the Corners_ Nicene Creedence Edition [Disc 2], Cherry Area,Cherry_Area
99d16dc980be478cad4633c807029185,Pavement,Brighten the Corners_ Nicene Creedence Edition [Disc 2], Wanna Mess You Around,Wanna_Mess_You_Around
0f9c6fbd0cb54aa39ceb48c749559760,Pavement,Brighten the Corners_ Nicene Creedence Edition [Disc 2], No Tan Lines,No_Tan_Lines
e2d246b819e940e1980ae45256b8f3c1,Pavement,Brighten the Corners_ Nicene Creedence Edition [Disc 2], The Killing Moon,The_Killing_Moon
32fa599c9e774c279bece4811f05000e,Pavement,Brighten the Corners_ Nicene Creedence Edition [Disc 2], Embassy Row Psych Intro,Embassy_Row_Psych_Intro
ecfa7535e2904d9282f1856d1c231a24,Pavement,Brighten the Corners_ Nicene Creedence Edition [Disc 2], Nigel,Nigel
d57d8cee04724032a2a165e52aa70368,Pavement,Brighten the Corners_ Nicene Creedence Edition [Disc 2], Chevy (Old to Begin),Chevy_Old_to_Begin
3a24513b0c804b3da70fe51d994c80c8,Pavement,Brighten the Corners_ Nicene Creedence Edition [Disc 2], Roll with the Wind (Roxy),Roll_with_the_Wind_Roxy
5be4ddf8488a4c4dbcf355b8f6d7d522,Pavement,Brighten the Corners_ Nicene Creedence Edition [Disc 2], Oddity,Oddity
a0e48d3897f143faa532b4150638d66a,Pavement,Brighten the Corners_ Nicene Creedence Edition [Disc 2], Type Slowly [Live],Type_Slowly_[Live]
af9a612c86714449bbdaa40785c05c6b,Pavement,Brighten the Corners_ Nicene Creedence Edition [Disc 2], Neil Hagerty Meets Jon Spencer in a Non-Alcoholic Bar [Live],Neil_Hagerty_Meets_Jon_Spencer_in_a_NonAlcoholic_Bar_[Live]
d161751841464ef69657df440b43a9e7,Pavement,Brighten the Corners_ Nicene Creedence Edition [Disc 2], Destroy Mater Dei [Live],Destroy_Mater_Dei_[Live]
c1523f0f5c1f4730b62cbe438a4eadd9,Pavement,Brighten the Corners_ Nicene Creedence Edition [Disc 2], It's a Rainy Day Sunshine Girl [Live],It's_a_Rainy_Day_Sunshine_Girl_[Live]
6e3e0d853b974fc2982a9ac5bdec532b,Pavement,Brighten the Corners_ Nicene Creedence Edition [Disc 2], Maybe Maybe [Live],Maybe_Maybe_[Live]
36f204f889a94677934fb1f6723a0e80,Pavement,Brighten the Corners_ Nicene Creedence Edition [Disc 2], Grave Architecture,Grave_Architecture
290190bc0a4442b2b93e9a300b24eee2,Pavement,Brighten the Corners_ Nicene Creedence Edition [Disc 2], The Classical,The_Classical
8be2ae9fdf794d08bbe3b95bff764839,Pavement,Brighten the Corners_ Nicene Creedence Edition [Disc 2], Space Ghost Theme, Pt. 1 [Live],Space_Ghost_Theme_Pt_1_[Live]
c1da50f9e91e4699b58e1f4fdb4e78be,Pavement,Brighten the Corners_ Nicene Creedence Edition [Disc 2], Space Ghost Theme, Pt. 2 [Live],Space_Ghost_Theme_Pt_2_[Live]
acc5eecc78a0478eb2b51a11cd9bc4fb,Pavement,Crooked Rain, Crooked Rain_ L.A.'s Desert Origins [Disc 1], Silence Kit,Silence_Kit
eae67c62ee7f4515a6b6d259ccb3c946,Pavement,Crooked Rain, Crooked Rain_ L.A.'s Desert Origins [Disc 1], Elevate Me Later,Elevate_Me_Later
1465317162df454ea9ee0fb739e503ab,Pavement,Crooked Rain, Crooked Rain_ L.A.'s Desert Origins [Disc 1], Stop Breathin',Stop_Breathin'
4c69ca75074d47a398432d53b8a6104f,Pavement,Crooked Rain, Crooked Rain_ L.A.'s Desert Origins [Disc 1], Cut Your Hair,Cut_Your_Hair
6f8a5877842e46929b3272470b74137c,Pavement,Crooked Rain, Crooked Rain_ L.A.'s Desert Origins [Disc 1], Newark Wilder,Newark_Wilder
06bdd1e2517442dca45fc7ee87194b03,Pavement,Crooked Rain, Crooked Rain_ L.A.'s Desert Origins [Disc 1], Unfair,Unfair
470dfd16c639462da2ec6f36085c3f6c,Pavement,Crooked Rain, Crooked Rain_ L.A.'s Desert Origins [Disc 1], Gold Soundz,Gold_Soundz
c02f34df3f26430f821e8819ad55fc00,Pavement,Crooked Rain, Crooked Rain_ L.A.'s Desert Origins [Disc 1], 5 - 4 = Unity,5__4_=_Unity
9e97da58416d4efeadeb4ad9f7adc02b,Pavement,Crooked Rain, Crooked Rain_ L.A.'s Desert Origins [Disc 1], Range Life,Range_Life
9f5d8b534b7e4e9e96d867c2810f9f13,Pavement,Crooked Rain, Crooked Rain_ L.A.'s Desert Origins [Disc 1], Heaven Is a Truck,Heaven_Is_a_Truck
96fd083065f645aea03d65d1b32a7765,Pavement,Crooked Rain, Crooked Rain_ L.A.'s Desert Origins [Disc 1], Hit the Plane Down,Hit_the_Plane_Down
6b6dc55027054a628c4e4e4efa405552,Pavement,Crooked Rain, Crooked Rain_ L.A.'s Desert Origins [Disc 1], Fillmore Jive,Fillmore_Jive
ca29084303bb4caa823d4cf5ea5218cd,Pavement,Crooked Rain, Crooked Rain_ L.A.'s Desert Origins [Disc 1], Camera,Camera
6d94885f02d54976a45fa99fb5c53941,Pavement,Crooked Rain, Crooked Rain_ L.A.'s Desert Origins [Disc 1], Stare,Stare
257363f642a4480a94952c7940aebce8,Pavement,Crooked Rain, Crooked Rain_ L.A.'s Desert Origins [Disc 1], Raft,Raft
9a5a87cd058a498d94bcc5946cb6d470,Pavement,Crooked Rain, Crooked Rain_ L.A.'s Desert Origins [Disc 1], Coolin' By Sound,Coolin'_By_Sound
0e68d0dd1a3d420a8660d40db3628373,Pavement,Crooked Rain, Crooked Rain_ L.A.'s Desert Origins [Disc 1], Kneeling Bus,Kneeling_Bus
90dcd090b00645fead83c216baae98dc,Pavement,Crooked Rain, Crooked Rain_ L.A.'s Desert Origins [Disc 1], Strings of Nashville,Strings_of_Nashville
9e692be73b06480898642c4b50804a6e,Pavement,Crooked Rain, Crooked Rain_ L.A.'s Desert Origins [Disc 1], Exit Theory,Exit_Theory
655013d2909046f9a5e15880b700b287,Pavement,Crooked Rain, Crooked Rain_ L.A.'s Desert Origins [Disc 1], 5 - 4 Vocal,5__4_Vocal
71f9e4b2676e487a86a03943df202560,Pavement,Crooked Rain, Crooked Rain_ L.A.'s Desert Origins [Disc 1], Jam Kids,Jam_Kids
2c315d6c19b0412babc20626e42e7f52,Pavement,Crooked Rain, Crooked Rain_ L.A.'s Desert Origins [Disc 1], Haunt You Down,Haunt_You_Down
65d78abfd64841e8b168defaf3963bd1,Pavement,Crooked Rain, Crooked Rain_ L.A.'s Desert Origins [Disc 1], Unseen Power of the Picket Fence,Unseen_Power_of_the_Picket_Fence
59a9f353979a4432b376bf09a4f56ea3,Pavement,Crooked Rain, Crooked Rain_ L.A.'s Desert Origins [Disc 1], Nail Clinic,Nail_Clinic
99c72b76460a4409aba99f66afaaaeb3,Pavement,Crooked Rain, Crooked Rain_ L.A.'s Desert Origins [Disc 2], All My Friends,All_My_Friends
38413cf3e1e54d90becf723ccfb9e8ba,Pavement,Crooked Rain, Crooked Rain_ L.A.'s Desert Origins [Disc 2], Soiled Little Filly,Soiled_Little_Filly
887db5d8d1a845b3874516d76d6b1931,Pavement,Crooked Rain, Crooked Rain_ L.A.'s Desert Origins [Disc 2], Stop Breathing,Stop_Breathing
8d74158db7a546958e9fc71f62176558,Pavement,Crooked Rain, Crooked Rain_ L.A.'s Desert Origins [Disc 2], Ell Ess Two,Ell_Ess_Two
47b25e72930b43ef869cf2584dcffccf,Pavement,Crooked Rain, Crooked Rain_ L.A.'s Desert Origins [Disc 2], Flux = Rad,Flux_=_Rad
71d9f54c972e45e8ab1600a96af8971d,Pavement,Crooked Rain, Crooked Rain_ L.A.'s Desert Origins [Disc 2], Bad Version of War,Bad_Version_of_War
e2de801d3e6743cd9d5999fd607eac6a,Pavement,Crooked Rain, Crooked Rain_ L.A.'s Desert Origins [Disc 2], Same Way of Saying,Same_Way_of_Saying
b52fcb6715ae4f9084a34a5bd5b89d78,Pavement,Crooked Rain, Crooked Rain_ L.A.'s Desert Origins [Disc 2], Hands Off the Bayou,Hands_Off_the_Bayou
ca07d4e9f4da4f7e98d3407d174cf52b,Pavement,Crooked Rain, Crooked Rain_ L.A.'s Desert Origins [Disc 2], Heaven Is a Truck (Eggshell),Heaven_Is_a_Truck_Eggshell
66228e1b276e4daf854539b85f3bddd2,Pavement,Crooked Rain, Crooked Rain_ L.A.'s Desert Origins [Disc 2], Grounded,Grounded
fab184fa6b774d77a83aee80e8da7e5e,Pavement,Crooked Rain, Crooked Rain_ L.A.'s Desert Origins [Disc 2], Kennel District,Kennel_District
54f53559b455470e99183c1eea0d58bd,Pavement,Crooked Rain, Crooked Rain_ L.A.'s Desert Origins [Disc 2], Pueblo (Beach Boys),Pueblo_Beach_Boys
a833ce9ce4a646f280afac1ff509af97,Pavement,Crooked Rain, Crooked Rain_ L.A.'s Desert Origins [Disc 2], Fucking Righteous,Fucking_Righteous
575342b570574b13af7e2c40d6389af0,Pavement,Crooked Rain, Crooked Rain_ L.A.'s Desert Origins [Disc 2], Colorado,Colorado
9215e3fd6fb74daa9332d20d9115dc75,Pavement,Crooked Rain, Crooked Rain_ L.A.'s Desert Origins [Disc 2], Dark Ages,Dark_Ages
74d087b6e7a2471fae46507bf2d93735,Pavement,Crooked Rain, Crooked Rain_ L.A.'s Desert Origins [Disc 2], Flood Victi,Flood_Victi
2f0fc255e41d4f5687f9f935f73efd89,Pavement,Crooked Rain, Crooked Rain_ L.A.'s Desert Origins [Disc 2], JMC Retro,JMC_Retro
fb7f8d0a34034dbab35bc16a1b08bceb,Pavement,Crooked Rain, Crooked Rain_ L.A.'s Desert Origins [Disc 2], Rug Rat,Rug_Rat
67875716c1304c51979ada120471a277,Pavement,Crooked Rain, Crooked Rain_ L.A.'s Desert Origins [Disc 2], Strings of Nashville [Instrumental],Strings_of_Nashville_[Instrumental]
893de78c5efb4f50a2a5584bf819d260,Pavement,Crooked Rain, Crooked Rain_ L.A.'s Desert Origins [Disc 2], Instrumental,Instrumental
dc2946dd98434ed59fdd22163a6548b8,Pavement,Crooked Rain, Crooked Rain_ L.A.'s Desert Origins [Disc 2], Brink of the Clouds,Brink_of_the_Clouds
bd5a3e711e7345a39b96c8b4cb3f09bf,Pavement,Crooked Rain, Crooked Rain_ L.A.'s Desert Origins [Disc 2], Tartar Martyr,Tartar_Martyr
761883a2ae0d40f5a38c688c217711cf,Pavement,Crooked Rain, Crooked Rain_ L.A.'s Desert Origins [Disc 2], Pueblo Domain,Pueblo_Domain
997080c1844a438bad0062622e19d2a2,Pavement,Crooked Rain, Crooked Rain_ L.A.'s Desert Origins [Disc 2], The Sutcliffe Catering Song,The_Sutcliffe_Catering_Song
85a7fd5c80a64f7ea7f225e6eafea16c,Pavement,Slanted & Enchanted_ Luxe & Reduxe [Disc 1], Summer Babe [Winter Version],Summer_Babe_[Winter_Version]
dbe0f21a6afd4006838c189fede55d3b,Pavement,Slanted & Enchanted_ Luxe & Reduxe [Disc 1], Trigger Cut_Wounded-Kite at _17,Trigger_Cut_WoundedKite_at__17
48f714689ffd4d6c9a41bc8bd86cace5,Pavement,Slanted & Enchanted_ Luxe & Reduxe [Disc 1], No Life Singed Her,No_Life_Singed_Her
3b63e6e182fb46ee96ff1f65ea5a1e12,Pavement,Slanted & Enchanted_ Luxe & Reduxe [Disc 1], In the Mouth a Desert,In_the_Mouth_a_Desert
b838c6aef0b84967b73371c16fe69ad0,Pavement,Slanted & Enchanted_ Luxe & Reduxe [Disc 1], Conduit for Sale!,Conduit_for_Sale!
0ee615abf9674adf962da7fdc0bd0b0b,Pavement,Slanted & Enchanted_ Luxe & Reduxe [Disc 1], Zürich Is Stained,Zürich_Is_Stained
503c967cbd4e4fbe99f12177eb4a4f28,Pavement,Slanted & Enchanted_ Luxe & Reduxe [Disc 1], Chesley's Little Wrists,Chesley's_Little_Wrists
6b3cb3f2a0ef4b9db4adfed62ae36629,Pavement,Slanted & Enchanted_ Luxe & Reduxe [Disc 1], Loretta's Scars,Loretta's_Scars
f4abc6c489a3410a970d448f194a5f30,Pavement,Slanted & Enchanted_ Luxe & Reduxe [Disc 1], Here,Here
8ba567975fd1423ab10afbfce4a90090,Pavement,Slanted & Enchanted_ Luxe & Reduxe [Disc 1], Two States,Two_States
9aa6a58ed2f34749aeea28ed1178d1a8,Pavement,Slanted & Enchanted_ Luxe & Reduxe [Disc 1], Perfume-V,PerfumeV
f2c946c0cd2e4e2880d6d2d3cd4cf602,Pavement,Slanted & Enchanted_ Luxe & Reduxe [Disc 1], Fame Throwa,Fame_Throwa
35cbe0b11e154dafb1d4cd8a7957674f,Pavement,Slanted & Enchanted_ Luxe & Reduxe [Disc 1], Jackals, False Grails_ The Lonesome Era,Jackals_False_Grails__The_Lonesome_Era
31c162f2fb30448b93bf39811b639737,Pavement,Slanted & Enchanted_ Luxe & Reduxe [Disc 1], Our Singer,Our_Singer
d6440d8e6ebd44e98c2d44b7f8911bc3,Pavement,Slanted & Enchanted_ Luxe & Reduxe [Disc 1], Summer Baby [7_ Version],Summer_Baby_[7__Version]
61fc31c8532b411bbebd9f720c6871af,Pavement,Slanted & Enchanted_ Luxe & Reduxe [Disc 1], Mercy Snack_ The Laundromat,Mercy_Snack__The_Laundromat
ba979447b8814bfcb766e9dc52badfc7,Pavement,Slanted & Enchanted_ Luxe & Reduxe [Disc 1], Baptist Blacktick,Baptist_Blacktick
13b595262159467f899f7e93731c7dba,Pavement,Slanted & Enchanted_ Luxe & Reduxe [Disc 1], My First Mine,My_First_Mine
17594dee3c84460d881d3ed2f7f66e96,Pavement,Slanted & Enchanted_ Luxe & Reduxe [Disc 1], Here [Alternative Mix],Here_[Alternative_Mix]
b3d3f04a501a4f1f86e825b01ec56398,Pavement,Slanted & Enchanted_ Luxe & Reduxe [Disc 1], Nothing Ever Happens,Nothing_Ever_Happens
3e2b72ccc9b746959460e2f23a5f3562,Pavement,Slanted & Enchanted_ Luxe & Reduxe [Disc 1], Circa 1762,Circa_1762
fff26a8721ae4f6a8a6fe6c2eb400953,Pavement,Slanted & Enchanted_ Luxe & Reduxe [Disc 1], Kentucky Cocktail,Kentucky_Cocktail
ce020400163047df8eaee7db253671e2,Pavement,Slanted & Enchanted_ Luxe & Reduxe [Disc 1], Secret Knowledge of Backroads,Secret_Knowledge_of_Backroads
4a98cd0d877d4d658c0ec379c60e9710,Pavement,Slanted & Enchanted_ Luxe & Reduxe [Disc 2], Texas Never Whispers,Texas_Never_Whispers
cc9e62d0795742f98437ee77ea392033,Pavement,Slanted & Enchanted_ Luxe & Reduxe [Disc 2], Frontwards,Frontwards
34883c24c3d743beb152b493285903d8,Pavement,Slanted & Enchanted_ Luxe & Reduxe [Disc 2], Lions (Linden),Lions_Linden
1c509e21285a4781b798b931795c1916,Pavement,Slanted & Enchanted_ Luxe & Reduxe [Disc 2], Shoot the Singer (1 Sick Verse),Shoot_the_Singer_1_Sick_Verse
cb401f20fcb7437faf7ea4ceaac4783e,Pavement,Slanted & Enchanted_ Luxe & Reduxe [Disc 2], Sue Me Jack,Sue_Me_Jack
0cbdfbc4f99e42a193e7c761770369cb,Pavement,Slanted & Enchanted_ Luxe & Reduxe [Disc 2], So Stark (You're a Skyscraper),So_Stark_You're_a_Skyscraper
8aca6e861a6d414fb2eb05a44767f416,Pavement,Slanted & Enchanted_ Luxe & Reduxe [Disc 2], Greenlander,Greenlander
353bc90277b24b91969eadc4975c270f,Pavement,Slanted & Enchanted_ Luxe & Reduxe [Disc 2], Rain Ammunition,Rain_Ammunition
8979999d0a58483b911712a116d2c2f6,Pavement,Slanted & Enchanted_ Luxe & Reduxe [Disc 2], Drunks With Guns,Drunks_With_Guns
c7f7f9b57c91410a9d051f2ffc675a06,Pavement,Slanted & Enchanted_ Luxe & Reduxe [Disc 2], Ed Ames,Ed_Ames
57ec083fe9b2442299e3acd3f50dc1ea,Pavement,Slanted & Enchanted_ Luxe & Reduxe [Disc 2], The List of Dorms,The_List_of_Dorms
78bbd0cc7f2b4b8a8a59d1474a2ea2f6,Pavement,Slanted & Enchanted_ Luxe & Reduxe [Disc 2], Conduit for Sale [Live],Conduit_for_Sale_[Live]
6583e3f502aa4ed8ae899422bfb17daa,Pavement,Slanted & Enchanted_ Luxe & Reduxe [Disc 2], Fame Throwa [Live],Fame_Throwa_[Live]
f1f370ba9a8e4d43a9048c938670281c,Pavement,Slanted & Enchanted_ Luxe & Reduxe [Disc 2], Home [Live],Home_[Live]
4b5461d5fdce41438e3ffbde8cf2865c,Pavement,Slanted & Enchanted_ Luxe & Reduxe [Disc 2], Perfume-V [Live],PerfumeV_[Live]
6f66289a65e345dab5967e16472d1470,Pavement,Slanted & Enchanted_ Luxe & Reduxe [Disc 2], Summer Babe [Live],Summer_Babe_[Live]
8b7276b717fe43f4bde757a03b13cc66,Pavement,Slanted & Enchanted_ Luxe & Reduxe [Disc 2], Frontwards [Live],Frontwards_[Live]
7e26d244d9e94755807a1b3de881150f,Pavement,Slanted & Enchanted_ Luxe & Reduxe [Disc 2], Angel Carver Blues_Mellow Jazz Docent [Live],Angel_Carver_Blues_Mellow_Jazz_Docent_[Live]
acc0cfb158f145d08db6011c7c4516c5,Pavement,Slanted & Enchanted_ Luxe & Reduxe [Disc 2], Two States [Live],Two_States_[Live]
13a5233c79a547bcb96f69d044c889aa,Pavement,Slanted & Enchanted_ Luxe & Reduxe [Disc 2], No Life Singed Her [Live],No_Life_Singed_Her_[Live]
21c7eb0caacb4090a335fb33aa815b62,Pavement,Slanted & Enchanted_ Luxe & Reduxe [Disc 2], So Stark [Live],So_Stark_[Live]
58e8863a5b83451e8a2c2a08ae2e0560,Pavement,Slanted & Enchanted_ Luxe & Reduxe [Disc 2], Box Elder [Live],Box_Elder_[Live]
ca52463fe0b54df1a23da466b7612fb5,Pavement,Slanted & Enchanted_ Luxe & Reduxe [Disc 2], Baby Yeah [Live],Baby_Yeah_[Live]
a8923e3bd99f4a9b99a454c0a97cb618,Pavement,Slanted & Enchanted_ Luxe & Reduxe [Disc 2], In the Mouth a Desert [Live],In_the_Mouth_a_Desert_[Live]
59ffde97532d498f858f23a82428255d,Pavement,Terror Twilight, Spit On A Stranger,Spit_On_A_Stranger
d5608726e88243218ddb66ab1ae624bc,Pavement,Terror Twilight, Folk Ja,Folk_Ja
e8848018fcd34a0fb81bcdec7b9a6f8e,Pavement,Terror Twilight, You Are A Light,You_Are_A_Light
c651a158333744ab9f44fa19ff920157,Pavement,Terror Twilight, Cream Of Gold,Cream_Of_Gold
9e353496df68471f8a7a43586532635b,Pavement,Terror Twilight, Major Leagues,Major_Leagues
c04111456c554a0fb4af2c714a02eed0,Pavement,Terror Twilight, Platform Blues,Platform_Blues
da54605f6d1a4e1fa4fe311d987a6b83,Pavement,Terror Twilight, Ann Don_t Cry,Ann_Don_t_Cry
32803c40309c4cbea5e01548c4e45f23,Pavement,Terror Twilight, Billie,Billie
b9e276c0ca7948c09f0f9a6efb495ced,Pavement,Terror Twilight, Speak, See, Remember,Speak_See_Remember
2e9413e882b8404f853c36be7de4c64f,Pavement,Terror Twilight, The Hexx,The_Hexx
184ae97061ae434fabfefd18f52d55ca,Pavement,Terror Twilight, ...And Carrot Rope,And_Carrot_Rope
ed75ce00d30540b0b29a44811d6b97f6,Pavement,Westing (By Musket and Sextant), You're Killing Me,You're_Killing_Me
1aeb3c8c6bcd408088b649c3775b5b30,Pavement,Westing (By Musket and Sextant), Box Elder,Box_Elder
1ed13703adc44123b2fa1399a45761bc,Pavement,Westing (By Musket and Sextant), Maybe, Maybe,Maybe_Maybe
83e421b567b94b0da970c2ecc9446f1c,Pavement,Westing (By Musket and Sextant), She Believes,She_Believes
ac9749fc254046a09af4ac29fc0d2e95,Pavement,Westing (By Musket and Sextant), Price Yeah!,Price_Yeah!
b8ab7dddce98403a80eae4ceb7067b64,Pavement,Westing (By Musket and Sextant), Forklift,Forklift
582c8e3718954f25a59bfe81bbd77682,Pavement,Westing (By Musket and Sextant), Spizzle Trunk,Spizzle_Trunk
5884e0125e90414f9b323bc9a86d1a57,Pavement,Westing (By Musket and Sextant), Recorder Grot,Recorder_Grot
15ae0052d448472eab33ba19ecca0720,Pavement,Westing (By Musket and Sextant), Internal K-Dart,Internal_KDart
ff6a0e437aaf4b809c781a89420ba112,Pavement,Westing (By Musket and Sextant), Perfect Depth,Perfect_Depth
130e2c2ea1cd454393540eb6e416c019,Pavement,Westing (By Musket and Sextant), Recorder Grot (Rally),Recorder_Grot_Rally
8489efad4a904bf4b7b4c3555ed91dea,Pavement,Westing (By Musket and Sextant), Heckler Spray,Heckler_Spray
3dbbe99447d743c69be03c1421d85491,Pavement,Westing (By Musket and Sextant), From Now On,From_Now_On
81f76e2cbb144d548be3bb5c41ca4570,Pavement,Westing (By Musket and Sextant), Angel Carver Blues_Mellow Jazz Docent,Angel_Carver_Blues_Mellow_Jazz_Docent
f689faa1c268421e929d93f5d1fd6bd7,Pavement,Westing (By Musket and Sextant), Drive by Fader,Drive_by_Fader
67121161627741fcbcea3d4d442e3132,Pavement,Westing (By Musket and Sextant), Debris Slide,Debris_Slide
24efed375a054f8b9fbabaccd3a79618,Pavement,Westing (By Musket and Sextant), Home,Home
bb536605f2b349ce8c13fe4fdd5769d4,Pavement,Westing (By Musket and Sextant), Krell Vid-User,Krell_VidUser
9e6c2a7a23a140ba8ac380ccf6e8a504,Pavement,Westing (By Musket and Sextant), Mercy_ The Laundromat,Mercy__The_Laundromat
5c4dcd843abe49ef940a65c7a09e3635,Pavement,Westing (By Musket and Sextant), Baptiss Blacktick,Baptiss_Blacktick
bc4a99a9e27e4c5fbb2bf0083fe41267,Pavement,Westing (By Musket and Sextant), My Radio,My_Radio
5c0cf7c30c11466b8ada50bbffe15c46,Pavement,Wowee Zowee_ Sordid Sentinels Edition [Disc 1], We Dance,We_Dance
c65e6c50503d4f69be16891019927fdc,Pavement,Wowee Zowee_ Sordid Sentinels Edition [Disc 1], Rattled by the Rush,Rattled_by_the_Rush
431e64f5a94e423c92fc329580c8677f,Pavement,Wowee Zowee_ Sordid Sentinels Edition [Disc 1], Black Out,Black_Out
cdb0481ddfbf464d9a1192522514aac8,Pavement,Wowee Zowee_ Sordid Sentinels Edition [Disc 1], Brinx Job,Brinx_Job
79d0f1c8e5f1432ab8fe8d1f43963a8d,Pavement,Wowee Zowee_ Sordid Sentinels Edition [Disc 1], Serpentine Pad,Serpentine_Pad
1437531f628d49f58c1f5cbf0ed73b26,Pavement,Wowee Zowee_ Sordid Sentinels Edition [Disc 1], Motion Suggests Itself,Motion_Suggests_Itself
e2fa6351d809493a8709659becee8e70,Pavement,Wowee Zowee_ Sordid Sentinels Edition [Disc 1], Father to a Sister of Thought,Father_to_a_Sister_of_Thought
598af56ceb5442a8aab52e3d656eea7a,Pavement,Wowee Zowee_ Sordid Sentinels Edition [Disc 1], Extradition,Extradition
13f8bc55301f45409bbe5b063bb8b81e,Pavement,Wowee Zowee_ Sordid Sentinels Edition [Disc 1], Best Friend's Ar,Best_Friend's_Ar
ad7017aee9964b7eade89eb91588df18,Pavement,Wowee Zowee_ Sordid Sentinels Edition [Disc 1], AT & T,AT_&_T
537b5a8ca3c14248bb5286a46faf4ddb,Pavement,Wowee Zowee_ Sordid Sentinels Edition [Disc 1], Fight This Generation,Fight_This_Generation
fd2992f3be0648ee9d7d991d2ddea31c,Pavement,Wowee Zowee_ Sordid Sentinels Edition [Disc 1], Pueblo,Pueblo
b36cee8fec324bdca667a7d9414b0caa,Pavement,Wowee Zowee_ Sordid Sentinels Edition [Disc 1], Half a Canyon,Half_a_Canyon
0692663b303942b59d685ab4e86add9d,Pavement,Wowee Zowee_ Sordid Sentinels Edition [Disc 1], Western Homes,Western_Homes
9ec379c696a94c2e8fbb9ee77d7e3881,Pavement,Wowee Zowee_ Sordid Sentinels Edition [Disc 1], Sordid [Wowee Zowee Session Outtake],Sordid_[Wowee_Zowee_Session_Outtake]
e4448275b6eb49cba56ba70f7769c7fd,Pavement,Wowee Zowee_ Sordid Sentinels Edition [Disc 1], False Skorpion,False_Skorpion
34215a79a8a748d580f9875fcd732c12,Pavement,Wowee Zowee_ Sordid Sentinels Edition [Disc 1], Easily Fooled,Easily_Fooled
1981d4b86f0b499b99bf46c85133dc4a,Pavement,Wowee Zowee_ Sordid Sentinels Edition [Disc 1], Kris Kraft,Kris_Kraft
1d3d8359f78940ef9b52c53911027bb9,Pavement,Wowee Zowee_ Sordid Sentinels Edition [Disc 1], Mussle Rock (Is a Horse in Transition),Mussle_Rock_Is_a_Horse_in_Transition
6d25449a82304baa9be939039fcc9fb6,Pavement,Wowee Zowee_ Sordid Sentinels Edition [Disc 1], Give It a Day,Give_It_a_Day
eb351d4bd15042109909edd22129c441,Pavement,Wowee Zowee_ Sordid Sentinels Edition [Disc 1], Gangsters & Pranksters,Gangsters_&_Pranksters
7f5677ceb3f246e3a73affd299b002b2,Pavement,Wowee Zowee_ Sordid Sentinels Edition [Disc 1], Saganaw,Saganaw
ffdf59ca5cb54a50bc9c9c3d9dd0de99,Pavement,Wowee Zowee_ Sordid Sentinels Edition [Disc 1], I Love Perth,I_Love_Perth
1ac692e54a78445cbccc8318beb7c3ee,Pavement,Wowee Zowee_ Sordid Sentinels Edition [Disc 1], Sentinel [Wowee Session Outtake],Sentinel_[Wowee_Session_Outtake]
4ea0c16802624b50b8060259e083b519,Pavement,Wowee Zowee_ Sordid Sentinels Edition [Disc 2], Sensitive Euro Man,Sensitive_Euro_Man
fbb1c313720d4a6b9ed5f1abee212254,Pavement,Wowee Zowee_ Sordid Sentinels Edition [Disc 2], Stray Fire [Wowee Zowee Session Outtake],Stray_Fire_[Wowee_Zowee_Session_Outtake]
f73cc78dbba94d39be6caae9716ec505,Pavement,Wowee Zowee_ Sordid Sentinels Edition [Disc 2], Soul Food [Wowee Zowee Jam Session],Soul_Food_[Wowee_Zowee_Jam_Session]
83c4d5771c504cbab3bba5f80ab1cdd1,Pavement,Wowee Zowee_ Sordid Sentinels Edition [Disc 2], It's a Hectic World,It's_a_Hectic_World
af86b9d43a0f4f0282fced0353178332,Pavement,Wowee Zowee_ Sordid Sentinels Edition [Disc 2], Golden Boys_Serpentine Pad,Golden_Boys_Serpentine_Pad
f5280c851cef4a4f855a0a35f49f4e42,Pavement,Wowee Zowee_ Sordid Sentinels Edition [Disc 2], Painted Soldiers,Painted_Soldiers
f2c9ce4938e242cb8395f9e6dc0e3283,Pavement,Wowee Zowee_ Sordid Sentinels Edition [Disc 2], Dancing with the Elders,Dancing_with_the_Elders
310abb3ca8ed43d1bb3b3b7d0df4543e,Pavement,Wowee Zowee_ Sordid Sentinels Edition [Disc 2], Half a Canyon [Live],Half_a_Canyon_[Live]
d23d03429dd446e0bb173e393b7c2361,Pavement,Wowee Zowee_ Sordid Sentinels Edition [Disc 2], Best Friend's Arm [Live],Best_Friend's_Arm_[Live]
06b7a52949e846df8f2537ecc4aaa9d5,Pavement,Wowee Zowee_ Sordid Sentinels Edition [Disc 2], Brink of the Clouds_Candylad [Live],Brink_of_the_Clouds_Candylad_[Live]
d2821bdbc4c24db7a8661426af22f5b6,Pavement,Wowee Zowee_ Sordid Sentinels Edition [Disc 2], Unfair [Live],Unfair_[Live]
b28477b266304c1faeaf376607890f88,Pavement,Wowee Zowee_ Sordid Sentinels Edition [Disc 2], Easily Fooled [Live],Easily_Fooled_[Live]
271a795195e148019625a1ef357ecdeb,Pavement,Wowee Zowee_ Sordid Sentinels Edition [Disc 2], Heaven Is a Truck [Live],Heaven_Is_a_Truck_[Live]
e472fc6a35424b4eba32a6c877121e35,Pavement,Wowee Zowee_ Sordid Sentinels Edition [Disc 2], No More Kings,No_More_Kings
a89c2b6c0f5f418f8e5ee51220e97886,Pavement,Wowee Zowee_ Sordid Sentinels Edition [Disc 2], We Dance [Alternate Mix],We_Dance_[Alternate_Mix]
8601d3f397164e03be849cb0eab5295d,Pinback,Arrive Having Eaten._, Sleep Bath,Sleep_Bath
8cd030a788e14328b0fce3dcae7edbc9,Pinback,Arrive Having Eaten._, Anti-Hu (Version),AntiHu_Version
3dea62e87dbf4a4292697d177a35173f,Pinback,Arrive Having Eaten._, Seville (Version),Seville_Version
d1efd1506001470687b02a2e2a4b5144,Pinback,Autumn of the Seraphs, From Nothing to Nowhere,From_Nothing_to_Nowhere
60527d02bcaa4285aec5b45cacd3ce57,Pinback,Autumn of the Seraphs, Barnes,Barnes
f034b0ae30cc40b7a76f66c57cc71647,Pinback,Autumn of the Seraphs, Good to Sea,Good_to_Sea
8bde0856daaf47cdb1f69ef0ba2719c2,Pinback,Autumn of the Seraphs, How We Breathe,How_We_Breathe
000e96761ffb4d8c90a442622738f50a,Pinback,Autumn of the Seraphs, Walters,Walters
22f95b58a8234724bab420b4082b5037,Pinback,Autumn of the Seraphs, Subbing for Eden,Subbing_for_Eden
9c0b3cb66d764a9c8c7d8dea81c2cc06,Pinback,Autumn of the Seraphs, Devil You Know,Devil_You_Know
051a6ab2cbcd45d588bb22964fc71364,Pinback,Autumn of the Seraphs, Blue Harvest,Blue_Harvest
c7ee7931a848425bae362d80da7df781,Pinback,Autumn of the Seraphs, Torch,Torch
bb68a1f6524f478d8934cf07ee1461c5,Pinback,Autumn of the Seraphs, Bouquet,Bouquet
906b6a7044d945aca57c8dcf1752d2e0,Pinback,Autumn of the Seraphs, Off by 50,Off_by_50
c0be13e2efa1461bbcee907d6eecf006,Pinback,Autumn of the Seraphs BONUS, I'm A Pretty Lady,I'm_A_Pretty_Lady
9b9881011afd4c6ca64afe13f3fc6cdc,Pinback,Autumn of the Seraphs BONUS, Kylie,Kylie
cf065869ec2840839602fd4d9b84d552,Pinback,Autumn of the Seraphs BONUS, Autumn of the Seraphs,Autumn_of_the_Seraphs
09521e5a95054055be02035bc7a514eb,Pinback,Blue Screen Life, Offline P.K,Offline_PK
ffdd796aba374d92a538962ac4fa03c4,Pinback,Blue Screen Life, Concrete Seconds,Concrete_Seconds
e54f306d2aef4124bb540f288c13f170,Pinback,Blue Screen Life, Penelope,Penelope
025502fc48a4469ab784b6c847c32992,Pinback,Blue Screen Life, Talby,Talby
f2d061cd8ed04c838eca6c1cbd443282,Pinback,Blue Screen Life, X I Y,X_I_Y
8b3ea8b404144d409084d12a7bd9c661,Pinback,Blue Screen Life, Prog,Prog
54af584ec89b4614bba89c5835305dce,Pinback,Blue Screen Life, Your Sickness,Your_Sickness
54b7172574324043aaff7c0e8d2940c4,Pinback,Blue Screen Life, Seville,Seville
6c4898f5c4754b3e967f4dd60aea11ec,Pinback,Blue Screen Life, West,West
fe5db918a1e94bd4bd9200883898ac87,Pinback,Blue Screen Life, Tres,Tres
41f599e85945484ca44dda107f33f5e3,Pinback,Live in Donnys Garage, Avignon,Avignon
a2ad6c27a0f24757a1e6cbb575bda048,Pinback,Live in Donnys Garage, Shag,Shag
46b87c09cdbf4db689e36014bd0db9f3,Pinback,Live in Donnys Garage, Tripoli,Tripoli
acb9e6b34b354fcdb0861ba038396739,Pinback,Live in Donnys Garage, Rousseau,Rousseau
38e08c205f0d45cabde1f5414168ba8b,Pinback,Live in Donnys Garage, This Train,This_Train
d94e6505899a430e97bd5d1eb7beb132,Pinback,More Or Less Live In A Few Different Places (Tour E.P. 2002), BBtone,BBtone
177d05a7809f48f98e498be40d06b77e,Pinback,More Or Less Live In A Few Different Places (Tour E.P. 2002), Offline PK,Offline_PK
a70c7a4d223d42faa18a7a007aed5d82,Pinback,More Or Less Live In A Few Different Places (Tour E.P. 2002), XIY,XIY
29083797caa1481e92b0164f440dcb95,Pinback,More Or Less Live In A Few Different Places (Tour E.P. 2002), Rousseau,Rousseau
57066ead83de4da7b220422fdfb15db5,Pinback,Nautical Antiques, Messenger,Messenger
e1d17b47e7614771ae478c154442b313,Pinback,Nautical Antiques, Versailles,Versailles
bd4f0133c5e042cfb4e3dc99e84abcfc,Pinback,Nautical Antiques, Byzantine,Byzantine
d369c2f0e56940e3823125c84b35ec91,Pinback,Nautical Antiques, Water Run,Water_Run
3ee5e59eca4243cca7a407fb7fdff86a,Pinback,Nautical Antiques, Seville (demo),Seville_demo
65236102e4a74403b9d11afa57341191,Pinback,Nautical Antiques, Concrete Seconds (demo),Concrete_Seconds_demo
7a8565ae63b7440d96e2db75a03e1c05,Pinback,Nautical Antiques, Clemenceau,Clemenceau
020fe9b3787149b1bd7cb699afbe228b,Pinback,Nautical Antiques, Avignon (full band version),Avignon_full_band_version
73afae8c1518491f98f42e8758a27996,Pinback,Nautical Antiques, Messenger (full band version),Messenger_full_band_version
a5cae2b9056b41bfae26b9a521506f7a,Pinback,Offcell, Microtonic Wave,Microtonic_Wave
befa0d55b65e4e62a116970021f529d7,Pinback,Offcell, Victorious D,Victorious_D
795b5cf426524717bb04f8b939fc9f66,Pinback,Offcell, Offcell,Offcell
70274a97f97c4acb93f5bbe6afd14713,Pinback,Offcell, B,B
ed13585d866047c0a4e4217f2ec33e06,Pinback,Offcell, Grey-Machine,GreyMachine
987dd4ada9c84a5ebc3115e5e033ac2d,Pinback,Pinback, Hurley,Hurley
f217adc5e9c746048083ef077be84b2f,Pinback,Pinback, Charborg,Charborg
f4f4bf0b42e745499df15bd23f5e97d5,Pinback,Pinback, Chaos Engine,Chaos_Engine
119f7c895d7745ebb41ab8c835c230cd,Pinback,Pinback, Loro,Loro
92e28fa7307543079fd6dbfbf9da6c9d,Pinback,Pinback, Rousseau,Rousseau
798d78bcbb6b4f97b45358ee82d4276f,Pinback,Pinback, Lyon,Lyon
444fb90381cf421183dcc39d4a6440d3,Pinback,Pinback, Montaigne,Montaigne
3cd5d6c768fe4f108e3628edcff08913,Pinback,Some Voices EP, Some Voices,Some_Voices
42185ae00dc9410482e9ec4c9f222190,Pinback,Some Voices EP, Trainer,Trainer
ecc186bc6e8348bdb2ca68714140c24f,Pinback,Some Voices EP, Manchuria,Manchuria
d673be731ba7466393f6447ff4ba86d1,Pinback,Some Voices EP, June,June
1cea7182ee7e465e8907d239008f9ee6,Pinback,Summer In Abaddon, Non Photo-Blue,Non_PhotoBlue
ce8f9a5af24c4386ab1ad8462ac44fbb,Pinback,Summer In Abaddon, Sender,Sender
fd5901aa78c24adea78b9cb55defa75e,Pinback,Summer In Abaddon, Syracuse,Syracuse
e4f2630112114562b4b1efab34e2cc89,Pinback,Summer In Abaddon, Bloods On Fire,Bloods_On_Fire
a24ff2177385476bad1f34e93540b323,Pinback,Summer In Abaddon, This Red Book,This_Red_Book
3d67867b31c84c9180e163359545914d,Pinback,Summer In Abaddon, Soaked,Soaked
58fbdc5dec0b4b5aa5302dd5be78451f,Pinback,Summer In Abaddon, 3X0,X0
0ccbb1b4c7c8456b8c93d2c284c801d6,Pinback,Summer In Abaddon, The Yellow Ones,The_Yellow_Ones
1a66cfc66fde4f20bef794ec77fd710c,Pinback,Summer In Abaddon, AFK,AFK
b45c4ae4620f4925b81e099f992c1817,Pinback,This is a pinback tour e.p. 2001, serge,serge
f6e331d4e3404f2f8f86462586c15357,Pinback,Too Many Shadows, Photograph Taken,Photograph_Taken
cee35aa36e1c45b2883f4bdbb797991d,Pinback,Too Many Shadows, My Star,My_Star
5217bffec198425d89c9e668de13a532,Pinback,Too Many Shadows, Forced Motion,Forced_Motion
8c5ddb39aef9416ab17fa4746fd545ef,Pinback,Too Many Shadows, Microtonic Wave (Live Band Version),Microtonic_Wave_Live_Band_Version
37359fddbcfe48f2a760c22b440ca4a5,Pinback,Too Many Shadows, Non Photo Blue (Live Band Version),Non_Photo_Blue_Live_Band_Version
bd3958121502434599a7591e0aec89f4,Pinback,Too Many Shadows, Fortress (Live Band Version),Fortress_Live_Band_Version
69f08dbefde649cdb23cf601268cfbf7,Pinback,Too Many Shadows, Boo,Boo
d5bb35e953a84cb4af9d1f314a78a9cc,Pinback,Tripoli, Hurley (Appliance Wedding),Hurley_Appliance_Wedding
d4e740c0723c4f4b83371b459bd42c66,Pinback,Tripoli, Tripoli (Tin Foil Star),Tripoli_Tin_Foil_Star
f6c32e6214f542e19d7d996befeefb69,Pinback,Tripoli, Hurley (Thrak),Hurley_Thrak
474290fbc4ab4376acee700c2e3fd224,Pinback,Tripoli, Tripoli (Starfish Pool),Tripoli_Starfish_Pool
22a5f9977ab74bd880cdcf74e5ebe930,Pinback,Tripoli, Tripoli (Em Peach),Tripoli_Em_Peach
ef2b9c4abb244311a7c806c9410cd91d,Spiritualized,Ladies and Gentlemen We are Floating in Space,Broken Heart,Broken_Heart
3df77306d95c44d8bcb2678a325a1a83,Spiritualized,Ladies and Gentlemen We are Floating in Space,Cop Shoot Co,Cop_Shoot_Co
0fc8255e96dd494c91050958126da12f,Squids,Unknown Album,el nino,el_nino
54bcf387e0b1429ebc89a33df192f33f,Stephen Malkmus & The Jicks,Pig Lib, Water And A Seat,Water_And_A_Seat
aad9385d3a744109adafbecc338624cc,Stephen Malkmus & The Jicks,Pig Lib, Ramp Of Death,Ramp_Of_Death
02e7665f88654bc4900083d1f69e23f8,Stephen Malkmus & The Jicks,Pig Lib, (Do Not Feed The) Oyster,Do_Not_Feed_The_Oyster
e8bdef6152a9439a96378a0035300f60,Stephen Malkmus & The Jicks,Pig Lib, Vanessa From Queens,Vanessa_From_Queens
cfc123611f4e482c97ff47df6fc8f5c9,Stephen Malkmus & The Jicks,Pig Lib, Sheets,Sheets
31c8ed4d89064b0c9f969aef6896047b,Stephen Malkmus & The Jicks,Pig Lib, Animal Midnight,Animal_Midnight
79c2ec59e9ab4fc394781b449fb98045,Stephen Malkmus & The Jicks,Pig Lib, Dark Wave,Dark_Wave
7b779f2082054b1d9721526b1e95b746,Stephen Malkmus & The Jicks,Pig Lib, Witch Mountain Bridge,Witch_Mountain_Bridge
43516ef6108a42ca9759b0bd81436b14,Stephen Malkmus & The Jicks,Pig Lib, Craw Song,Craw_Song
227bbcabfdb64241beb554b2f387a5a6,Stephen Malkmus & The Jicks,Pig Lib, 1% Of One,1%_Of_One
a34a2223aabe41a18bfec4c518ef2cbd,Stephen Malkmus & The Jicks,Pig Lib, Us,Us
6b2ecff4789043e88b4a4b0254ef04ac,Stephen Malkmus and the Jicks,Mirror Traffic, Tigers,Tigers
fa46a4be3d8c4b6083b43ed4db1085aa,Stephen Malkmus and the Jicks,Mirror Traffic, No One Is (As I Are Be),No_One_Is_As_I_Are_Be
2f40481e337b446687b237f919fb06c7,Stephen Malkmus and the Jicks,Mirror Traffic, Senator,Senator
beb850ad36eb4f03b3b5aaec1371246f,Stephen Malkmus and the Jicks,Mirror Traffic, Brain Gallo,Brain_Gallo
ad36868e9a4b4c74a7e6f7200db50812,Stephen Malkmus and the Jicks,Mirror Traffic, Jumblegloss,Jumblegloss
4367d1318cc546bfae0610ed3d713b8c,Stephen Malkmus and the Jicks,Mirror Traffic, Asking Price,Asking_Price
8d2105ce891b45229614f5284c9e6424,Stephen Malkmus and the Jicks,Mirror Traffic, Stick Figures in Love,Stick_Figures_in_Love
d60ffc2467854ce18e9c36dca4c4263b,Stephen Malkmus and the Jicks,Mirror Traffic, Spazz,Spazz
00ae56ff1a224515815b5108f4242c8c,Stephen Malkmus and the Jicks,Mirror Traffic, Long Hard Book,Long_Hard_Book
a9035c834dc74bcdbcccd3c00537881b,Stephen Malkmus and the Jicks,Mirror Traffic, Share the Red,Share_the_Red
2ec3693dd2e34effba220a3f12424daf,Stephen Malkmus and the Jicks,Mirror Traffic, Tune Grief,Tune_Grief
0bc1b0d491ca45c4a469def2f2d7411c,Stephen Malkmus and the Jicks,Mirror Traffic, Forever 28,Forever_28
74823d3d73b84a8e98ca6578baa3d21f,Stephen Malkmus and the Jicks,Mirror Traffic, All Over Gently,All_Over_Gently
14f022cd4ff845cea1c08a9fffe0d490,Stephen Malkmus and the Jicks,Mirror Traffic, Fall Away,Fall_Away
2778e60fd7ad4c0e9ea6ff7226af513c,Stephen Malkmus and the Jicks,Mirror Traffic, Georgeous Georgie,Georgeous_Georgie
9b8cbcaf295945f6bcc9102356fdfb90,Stern Show,Unknown Album,BenStillerInterview,BenStillerInterview
664b03fe8c61417da0b9bf1bb4749baf,Stern Show,Unknown Album,MadonnaInterview,MadonnaInterview
eeb11a3989074fb6b9bb4fb882d7da36,Talay Riley,ThisSongIsSick.com,Sergeant Smash (Roksonix Remix),Sergeant_Smash_Roksonix_Remix
beb5e8a36510490bbc8d7f17d1438cd4,The Asteroids Galaxy Tour,Fruit, Lady Jesus,Lady_Jesus
f352ef4bccc4405987220437171db4ea,The Asteroids Galaxy Tour,Fruit, Satellite,Satellite
1a74b04cd9464b8fb3fc2c35566813d6,The Asteroids Galaxy Tour,Fruit, Crazy,Crazy
27e259f5cef84a87834c8f0d6931af2c,The Asteroids Galaxy Tour,Fruit, Around The Bend,Around_The_Bend
fcb3e15c3c704cf19893cc153e28fb8b,The Asteroids Galaxy Tour,Fruit, Sunshine Coolin',Sunshine_Coolin'
00449ea4370844a499c3475d457ece02,The Asteroids Galaxy Tour,Fruit,-06 The Golden Age,The_Golden_Age
7450b85f6aaa49eb8e432d4de16a035f,The Beatles,Unknown Album,While My Guitar Gently weeps,While_My_Guitar_Gently_weeps
1ff2dbc4aa0245bab07e45d80acb893a,The Bloody Beetroots,BBS Original Productions [Various Download Locations],Harvest Time,Harvest_Time
781f7b72d69f43a9b751f059a5506764,The Boxer Rebellion,Union,-01 Flashing Red Light Means Go,Flashing_Red_Light_Means_Go
e8c8031c920843989805aacfa62e4917,The Boxer Rebellion,Union,-02 Move On,Move_On
608c9a035bfc4b728967894c643d48f8,The Boxer Rebellion,Union,-03 Evacuate,Evacuate
4e10bda19d5240e3960815dc331ad34d,The Boxer Rebellion,Union,-10 Semi Automatic,Semi_Automatic
cc2a191ab65b4cdba69503e7221f95f3,The Decemberists,The Crane Wife, The Crane Wife ,The_Crane_Wife_
89446f620f854b739f6da3123737df32,The Decemberists,The Crane Wife, The Island_Come And See_The Landlord's Daughter_You'll Not Feel The Drowning,The_Island_Come_And_See_The_Landlord's_Daughter_You'll_Not_Feel_The_Drowning
0e5e88a89c9a40f9a0cde833e83f8a10,The Decemberists,The Crane Wife, Yankee Bayonet (I Will Be Home Then),Yankee_Bayonet_I_Will_Be_Home_Then
b8b603ac6d214216a305aca923fdb17a,The Decemberists,The Crane Wife, O Valencia!,O_Valencia!
9a6918c4a90b4d7abc39e1a7418b1551,The Decemberists,The Crane Wife, The Perfect Crime No.2,The_Perfect_Crime_No2
1f8957435a554ddc926ff17d138ea755,The Decemberists,The Crane Wife, When The War Came,When_The_War_Came
3cbf34fc4acf40cd9186a31b93b576f6,The Decemberists,The Crane Wife, Shankill Butchers,Shankill_Butchers
facbe7794ee442c9a716cdf2426fd5fa,The Decemberists,The Crane Wife, Summersong,Summersong
011a2d1c6d9841fe9fe46e20696477a8,The Decemberists,The Crane Wife, The Crane Wife 1 & 2,The_Crane_Wife_1_&_2
10b19c6214fc4ecea5796a1ad5162e50,The Decemberists,The Crane Wife, Sons & Daughters,Sons_&_Daughters
0aeaf4974b1341d5a35ef1313a83142f,The Drums,The Drums, Best Friend,Best_Friend
cb50e82ed10a4685b2be1d9d8aabe0c6,The Drums,The Drums, Me And The Moon,Me_And_The_Moon
9a239ed8392c4de194a200b765a7dd14,The Drums,The Drums, Let's Go Surfing,Let's_Go_Surfing
ab57845701d74f7a82a173ebf3a8d08d,The Drums,The Drums, Book Of Stories,Book_Of_Stories
b6de99475d4c40c08a7bb6a931a53124,The Drums,The Drums, Skippin' Town,Skippin'_Town
7159a432cd3841089d237d66b67a2d94,The Drums,The Drums, Forever And Ever Amen,Forever_And_Ever_Amen
867b7483b57e4f8fb294a3fe824b9639,The Drums,The Drums, Down By The Water,Down_By_The_Water
c8ad9e1e0e254b42b392e3fc84e0c7a5,The Drums,The Drums, It Will All End In Tears,It_Will_All_End_In_Tears
0312c0f1b6144e468954b360b5157cff,The Drums,The Drums, We Tried,We_Tried
177623b5da754c9f8a71e0ad261e7f84,The Drums,The Drums, I Need Fun In My Life,I_Need_Fun_In_My_Life
eac3db0f89f34dcead8c519fb3b72495,The Drums,The Drums, I'll Never Drop My Sword,I'll_Never_Drop_My_Sword
e7e7dab000a64c708eaea45160fc07c7,The Drums,The Drums, The Future,The_Future
baf725e0db6a424ab62102af057c368b,The Flaming Lips,Yoshimi Battles the Pink Robots,-09 Do You Realize__,Do_You_Realize__
a2c1a5b54fee46aebbf81cb540af24ce,The Helio Sequence,Keep Your Eyes Ahead, Lately,Lately
65ec3cfc03ae49018e1037d27a9c1352,The Helio Sequence,Keep Your Eyes Ahead, Can't Say No,Can't_Say_No
156b7a933bb24aa18cd57fa466219ece,The Helio Sequence,Keep Your Eyes Ahead, You Can Come To Me,You_Can_Come_To_Me
a0677151d33942c59a333328b0594e4f,The Helio Sequence,Keep Your Eyes Ahead, Keep Your Eyes Ahead,Keep_Your_Eyes_Ahead
a0eb1762d27841b0a9eaee78157bc410,The Helio Sequence,Keep Your Eyes Ahead, Hallelujah,Hallelujah
de3d53438f3f4ca5a1e9d160ece0c399,The Helio Sequence,Keep Your Eyes Ahead, Broken Afternoon,Broken_Afternoon
e45deae0bf3f4604a1f44d14079b7824,The Helio Sequence,Keep Your Eyes Ahead,-03 The Captive Mind,The_Captive_Mind
3944cf4cc5884fdd84588469b3105fa3,The Helio Sequence,Keep Your Eyes Ahead, No Regrets,No_Regrets
971ed7281d7a4dd28cdf1c934af71df6,The Hollies,Unknown Album,Long Cool Women in a Black Dress,Long_Cool_Women_in_a_Black_Dress
5e2616440c8f4c1ea23d91f4fd74fdf5,Various Artists,Indie_Rock Playlist_ January (2011), All Alone In An Empty House,All_Alone_In_An_Empty_House
1c51becc9f00411d8b1c3d0b5e41813f,Various Artists,Indie_Rock Playlist_ January (2011), Around My Head,Around_My_Head
e37d75b60fb24280a1e7987dd27314d1,Various Artists,Indie_Rock Playlist_ January (2011), Autumn,Autumn
f61f281fb8ce4e1787fe084e59174e1b,Various Artists,Indie_Rock Playlist_ January (2011), Tighten U,Tighten_U
57b45b4add75444b8cdf8a22f93ae863,Various Artists,Indie_Rock Playlist_ January (2011), Walk Me Down,Walk_Me_Down
ea778f3885174a4984129ecfb2dcc182,Various Artists,Indie_Rock Playlist_ January (2011), Walking Far From Home,Walking_Far_From_Home
6f953355b36b44ca9ae4cae857bc20b6,Various Artists,Indie_Rock Playlist_ January (2011), WU,WU
6022d3e62d7344f783b1f16651100d99,Various Artists,Indie_Rock Playlist_ January (2011), Chugjug,Chugjug
8431efa5e4ff4f069f3e1cffd1fc1715,Various Artists,Indie_Rock Playlist_ January (2011), Disaster,Disaster
519519bd16d24c48af192256689e4464,Various Artists,Indie_Rock Playlist_ January (2011), Don't Say Oh Well,Don't_Say_Oh_Well
b6305543edf84274843f81aad9cafd16,Various Artists,Indie_Rock Playlist_ January (2011), Extroverts At Play,Extroverts_At_Play
7cbc59d137494bd3bce84e3337e21192,Various Artists,Indie_Rock Playlist_ January (2011), Farewell To Wendo,Farewell_To_Wendo
f04b7116cf654be2a65eef05041571b8,Various Artists,Indie_Rock Playlist_ January (2011), I'll Stay Here,I'll_Stay_Here
2a035653cdbc486ca04a58f9e1b82eb2,Various Artists,Indie_Rock Playlist_ January (2011), January Hymn,January_Hymn
5ffad58a0f8b4690ad501c52d3f3d12a,Various Artists,Indie_Rock Playlist_ January (2011), Kaputt,Kaputt
362b808ba4fd49c6b0e372a77d3697bf,Various Artists,Indie_Rock Playlist_ January (2011), Kites,Kites
9668be8c681641af8e076d6729b33df5,Various Artists,Indie_Rock Playlist_ January (2011), Last Decade,Last_Decade
58d32bc5896443b0abe09007f3d6bb1b,Various Artists,Indie_Rock Playlist_ January (2011), Let You Down,Let_You_Down
148e4c777e444aa2ae1bfe2b0c65044b,Various Artists,Indie_Rock Playlist_ January (2011), Long Day,Long_Day
a2df6834378742f6a01fca8e1a3002fc,Various Artists,Indie_Rock Playlist_ January (2011), Mongrel Heart,Mongrel_Heart
d2c4d8787e354ee8823720328502302c,Various Artists,Indie_Rock Playlist_ January (2011), Plath Heart,Plath_Heart
ff44e9763667497a8f5e2ad877430f81,Various Artists,Indie_Rock Playlist_ January (2011), Silver Forest,Silver_Forest
0139bb650162416a971c55f104c8d9cd,Various Artists,Indie_Rock Playlist_ January (2011), Stars,Stars
c296b43b6bfa4316bad58858d6ecde61,Various Artists,Indie_Rock Playlist_ January (2011), Tell Me, Cancer,Tell_Me_Cancer
